"","none","0.02","0.03","0.05","0.10","0.25","0.50","days","Markets (53)","Market (Saquisili)","Market (Asogan)","Premises (each province)","Collectors (10)","All degree (10)","Page rank (10)"
"1",0.0499962649535253,0.0499962649535253,0.0499962649535253,0.0499962649535253,0.0499962649535253,0.0499962649535253,0.0499962649535253,0,0.0499962649535253,0.0499962649535253,0.0499962649535253,0.0499962649535253,0.0499962649535253,0.0499962649535253,0.0499962649535253
"2",0.00493026134653761,0.050721931125743,0.0520985625406853,0.0513622248071115,0.0517250578932204,0.0507005880030307,0.0503270833555658,1,0.0504124558464149,0.0511167788959203,0.0511914798254133,0.0503590980396342,0.0510634210891396,0.050572529266757,0.0505618577054009
"3",0.149444545231413,0.0642321278026188,0.0661316657240121,0.0620551292859658,0.0625993789151291,0.0576477744458792,0.0525681112403556,2,0.0508393183006606,0.052301322206452,0.0523226653291643,0.0507752889325237,0.0520238616111923,0.0512128229481255,0.0508606614233729
"4",0.252126308600211,0.0775929226205086,0.0790335834035878,0.0745942138794327,0.0742313807933239,0.0647123480636452,0.0552146584566788,3,0.051095435773208,0.0533898214647785,0.0533044489739294,0.0510847642118518,0.053197733360368,0.0518637881908502,0.0512661807549063
"5",0.326186944411837,0.0905055118614404,0.0921062460648617,0.086866509438996,0.0855752505149028,0.0717982648041235,0.0577651616207967,4,0.0514475972979607,0.0544569776003927,0.0542755610573383,0.0514689404206729,0.0542648894959822,0.052525424994931,0.0515756560342344
"6",0.378744384090836,0.103738247943057,0.105018835305794,0.0982744085287118,0.0958626356622237,0.0789375393513825,0.060486409766613,5,0.0519171459976309,0.0555027906132946,0.0553854034383771,0.0519384891203432,0.0552466731407472,0.0531337039922311,0.0520452047339046
"7",0.417844984899741,0.117024341831453,0.118134184212492,0.109831709477414,0.106918373227187,0.085212417428794,0.0631009422988677,6,0.0523333368905205,0.0566019614329773,0.0565272605034843,0.0523866946973012,0.056431216451279,0.0537846692349558,0.0524293809427257
"8",0.445612387548422,0.129157907093387,0.131313562487328,0.121079535146787,0.117195086813152,0.0916580404879038,0.0656194307789173,7,0.0527175130993416,0.0575730735163862,0.0576157597618107,0.0528349002742591,0.0573382991665511,0.0543075757414067,0.0528455718356153
"9",0.466144471597639,0.140395061201404,0.143479142433329,0.13213527271175,0.127578516012678,0.0976661295314117,0.0679671742772685,8,0.0532617627285048,0.0585228424770828,0.0586722443360688,0.0532510911671487,0.0585441855997951,0.0549371978614191,0.0533578067807101
"10",0.482023754895579,0.151845646536545,0.15581546736103,0.142006466966182,0.137214935917274,0.103951679170179,0.0704643196346057,9,0.0536992967441066,0.0595579839286286,0.0597607435943953,0.0537526545508873,0.0597180573489707,0.0557482365244859,0.0537313114281751
"11",0.493324938371733,0.163755109009999,0.167298067380238,0.151909675904682,0.147043443926281,0.109735665425208,0.0729401218692307,10,0.0542862326186944,0.0605184244506814,0.0608812575367902,0.0542222032505576,0.0606464831869551,0.0564418880126351,0.0542648894959822
"12",0.501275251582059,0.174405327243429,0.178812682083516,0.162346462910989,0.156263672937988,0.115658381977867,0.0751384635085959,11,0.0547557813183647,0.0613721493591727,0.0620978155313904,0.0547557813183647,0.0618096833747746,0.0570181523258668,0.0548198106865015
"13",0.507507443414046,0.185365020756187,0.189943120577972,0.172121613113215,0.164971667004599,0.121538412285101,0.0772407610957559,12,0.0553107025088841,0.0623752761266501,0.0630048982466625,0.0553533887543086,0.0628875110717449,0.057637102884523,0.0553427171929525
"14",0.512491062567364,0.19581247932385,0.200529309443265,0.181875420192728,0.173754362000704,0.127205011365213,0.0793857449283405,13,0.0557695796471982,0.0633784028941274,0.0639866818914275,0.0559403246288965,0.0639973534527837,0.0583627690567407,0.0558762952607596
"15",0.515884619078617,0.205630315771501,0.210549905556682,0.190850203293244,0.182419669821892,0.132647507656845,0.0812212534815969,14,0.0562284567855123,0.0645416030819469,0.065075181149754,0.0566019614329773,0.0651392105178909,0.0589390333699724,0.0563138292763614
"16",0.518456465365448,0.215245392553384,0.220698560406373,0.199910358884608,0.190209909611875,0.137919258966779,0.0832808648233323,15,0.0567727064146755,0.0656941317084103,0.0661423372853682,0.0572315835529896,0.0660996510399437,0.0596326848581216,0.0568367357828124
"17",0.52016391518243,0.224753753721707,0.230356323433682,0.208500965776303,0.198555070592378,0.142625417524838,0.0852657752355747,16,0.0571248679394282,0.066803974089449,0.0671988218596263,0.057786504743509,0.0671241209301333,0.0603796941530515,0.0574023285346879
"18",0.521476517229236,0.233675179015442,0.239373792779622,0.216686053336464,0.205918447928116,0.14745963481917,0.0870265828593381,17,0.057711803814016,0.0677430714887895,0.0682126201884598,0.0583627690567407,0.0678924733477755,0.0611800612547622,0.0578932203570704
"19",0.522767776153329,0.242681976800026,0.248626036475397,0.224839126212556,0.21417823641777,0.152315195236215,0.0887980620444577,18,0.0582240387591108,0.06868216888813,0.0691837322718687,0.0587682883882741,0.068607467958637,0.0617990118134184,0.0584694846703021
"20",0.523728216675382,0.251197882762227,0.257099256192173,0.232714738493389,0.221381540333166,0.156871951935288,0.0904414824933036,19,0.0587682883882741,0.0696319378488267,0.0702829030915513,0.0594299251923549,0.069503879112553,0.0624499770561431,0.0589817196153969
"21",0.524453882847599,0.259372298761032,0.265401730927252,0.240462292037948,0.228840961721109,0.16128997833673,0.0920315451353688,20,0.059291194894725,0.0707737949139339,0.0711152848773304,0.060112905119148,0.0703255893369759,0.0630262413693747,0.0595686554899847
"22",0.524955446231338,0.267589401005261,0.27370420566233,0.247761640005549,0.23622568217956,0.165825391913091,0.0938990683726936,21,0.0598247729625321,0.0715634904542884,0.071990352908534,0.0606251400642428,0.0712860298590287,0.0636238488053187,0.0600808904350796
"23",0.525179549019817,0.274888748972862,0.281611832627232,0.254794198939247,0.242916751149861,0.169880585228425,0.0954784594534026,22,0.0603476794689831,0.0726093034671903,0.0729721365532991,0.0610520025184885,0.0721931125743007,0.0642214562412627,0.0606464831869551
"24",0.525467681176433,0.282604287833353,0.289594160521626,0.261752056943451,0.249671849488299,0.173989136350539,0.0969831496046187,23,0.0609346153435709,0.0734310136916132,0.0739752633207765,0.0614575218500219,0.0730254943600798,0.0648404067999189,0.061169389693406
"25",0.5256704408422,0.289668861451119,0.296936194734652,0.26842178279104,0.255882698197573,0.178151045279435,0.0985518691239715,24,0.0613614777978166,0.074391454213666,0.0749250322814731,0.0619270705496921,0.0739539201980642,0.0653633133063699,0.0616709530771447
"26",0.52586252894661,0.296765449752953,0.30416084177276,0.275134194884053,0.261538625716329,0.182227581717481,0.0999925299070507,25,0.0619057274269798,0.0753945809811433,0.075821443435389,0.0624286339334308,0.0747009294929941,0.0659715923036699,0.0622578889517325
"27",0.526043945489665,0.304075469281911,0.311033327286115,0.281419744522821,0.267333283532714,0.186058672244336,0.101593264110472,26,0.0624606486174992,0.0762483058896347,0.0766858399052365,0.0628661679490326,0.0755973406469101,0.0664944988101209,0.0628128101422519
"28",0.526129317980514,0.310990641040691,0.318172601833374,0.28781200977515,0.272925181683332,0.189622973737288,0.10306593957762,27,0.0629195257558133,0.0771660601662629,0.0776035941818647,0.0632396725964976,0.076419050871333,0.0670387484392841,0.0633250450873467
"29",0.526161332664582,0.318119244026594,0.325013072662661,0.293820098818658,0.278143575186486,0.193336677089225,0.104271826010864,28,0.0634317607009082,0.0779023978998367,0.0782545594245894,0.0636665350507433,0.0771020307981261,0.0677217283660772,0.0638906378392223
"30",0.526225362032719,0.324660911137909,0.331426681037703,0.299497369460126,0.283820845827953,0.196879635459464,0.105691143671231,29,0.06386929471651,0.0786494071947667,0.0791189558944369,0.0640613828209205,0.0778703832157683,0.0683620220474458,0.0644562305910978
"31",0.5262787198395,0.330423554270225,0.337925661903593,0.30523866946973,0.288921852156189,0.20048662319784,0.107259863190583,30,0.0644562305910978,0.079503132103258,0.0798339505052984,0.0644562305910978,0.0786280640720544,0.0689916441674581,0.0648617499226312
"32",0.526342749207637,0.336730447031705,0.343859050017608,0.31046773453424,0.294182931904767,0.203773464095532,0.10848709274654,31,0.0650965242724663,0.0802928276436125,0.0805489451161599,0.065000480220261,0.079353730244272,0.0696105947261144,0.0652565976928084
"33",0.526428121698486,0.342855923250131,0.349568335343144,0.316123662052995,0.299305281355715,0.206889560011525,0.109596935127579,32,0.0656087592175611,0.0810611800612548,0.0813279690951583,0.0653846564290821,0.0801434257846265,0.070186859039346,0.0657048032697664
"34",0.526577523557472,0.348725281996009,0.355298963791392,0.320968550908683,0.304267557386321,0.209962969682094,0.110834836244891,33,0.0660462932331629,0.0817441599880478,0.0820856499514444,0.0657688326379033,0.0807623763432828,0.0706990939844409,0.0660569647945191
"35",0.526769611661882,0.354306508585271,0.360677430714888,0.325952170062002,0.30925117653964,0.213132423404868,0.112030051116779,34,0.0665905428623262,0.0826405711419638,0.0827366151941691,0.0661956950921489,0.0815520718836373,0.0714034170339462,0.06657987130097
"36",0.526897670398156,0.359791691122328,0.366664176635684,0.330434225831581,0.314106736956684,0.2161418037073,0.113321310040872,35,0.0669747190711473,0.0833769088755376,0.083483624489099,0.0665585281782578,0.0822137086877181,0.0718622941722603,0.0669960621938596
"37",0.527111101625279,0.365340903027522,0.371765182963919,0.335247100003201,0.318535434919483,0.219236556500582,0.114431152421911,36,0.0673802384026807,0.083931830066057,0.0841452612931798,0.0669747190711473,0.0828753454917989,0.0725025878536289,0.0674335962094614
"38",0.527207145677484,0.370420566233046,0.377058277396566,0.339398337370741,0.322547941989392,0.222064520259959,0.11554099480295,37,0.0679031449091317,0.0846361531155623,0.0849029421494659,0.0673162090345438,0.0836436979094411,0.0730681806055044,0.0679351595932001
"39",0.527441920027319,0.375169411036529,0.38191383781361,0.344104495928799,0.327040669320328,0.22455099405594,0.116725538113481,38,0.0683940367315142,0.0851910743060817,0.085511221146766,0.0677537430501457,0.0843800356430149,0.0735910871119553,0.0684473945382949
"40",0.527623336570374,0.379907584278656,0.386566638564888,0.348458492962105,0.330871759847183,0.227080154097346,0.117611277706041,39,0.0688742569925406,0.0859380836010117,0.0863115882484766,0.0681379192589668,0.085063015569808,0.0740606358116256,0.0688529138698283
"41",0.527783409990716,0.384528370345865,0.391560929279563,0.35228958348896,0.335151055950996,0.229587971016039,0.118795821016573,40,0.0693651488149231,0.0865143479142433,0.0870692691047627,0.0685434385905002,0.0857139808125327,0.0745195129499397,0.0693224625694985
"42",0.527900797165633,0.388903710501884,0.396107014417279,0.356334105242938,0.338790058373441,0.231754297971336,0.119692232170489,41,0.0698453690759495,0.0872933718932417,0.0877735921542681,0.0688742569925406,0.0863969607393258,0.0749783900882538,0.0697920112691688
"43",0.5281035568314,0.393001590062642,0.401090633570598,0.359866392051821,0.342482418602666,0.233675179015442,0.12021513867694,42,0.0699414131281548,0.0875494893657891,0.0882324692925822,0.068980972606102,0.0867064360186539,0.0752024928767328,0.0700908149871408
"44",0.528210272444961,0.396960739325771,0.405231199376781,0.363537409158334,0.345854631991207,0.235862849093451,0.120812746112884,43,0.0701548443552776,0.0878376215224049,0.0885739592559787,0.0691517175878003,0.0869625534912013,0.0754479387879241,0.0701548443552776
"45",0.527473934711388,0.400855859220763,0.409211691762622,0.366994995037724,0.348960056345844,0.237783730137556,0.12143169667154,44,0.0702508884074829,0.0879870233813909,0.0888514198512384,0.069205075394581,0.0872186709637487,0.0756080122082662,0.0701975306007022
"46",0.525947901437459,0.404313445100153,0.412743978571505,0.370175120321854,0.352012122893701,0.239629910252169,0.122029304107484,45,0.0704643196346057,0.0883605280288559,0.0892249244987034,0.0693011194467863,0.0876241902952821,0.0757787571899645,0.0703789471437566
"47",0.523941647902505,0.407098722614106,0.416169549766826,0.37270428036326,0.35486142977579,0.241561462857631,0.122605568420716,46,0.0705817068095233,0.088595302378691,0.089491713532607,0.0694398497444161,0.0878482930837611,0.0758534581194575,0.0704963343186742
"48",0.521892708122125,0.410161460723318,0.41942437598045,0.375265455088734,0.357678721973812,0.243258241113257,0.123075117120386,47,0.0706030499322356,0.089043507955649,0.0899826053549895,0.0695145506739091,0.0881470968017331,0.0759601737330189,0.070560363686811
"49",0.519054072801392,0.413042782289477,0.42246577096695,0.377613198587085,0.360143852647081,0.244624200966843,0.123469964890563,48,0.0707311086685093,0.089267610744128,0.0902280512661808,0.0695145506739091,0.088371199590212,0.0760668893465803,0.0706884224230847
"50",0.516204765919302,0.416094848837333,0.425443136585314,0.380046314576286,0.362214135550172,0.245830087400087,0.123790111731247,49,0.0707951380366461,0.0894383557258262,0.0904628256160159,0.0694718644284845,0.0885846308173349,0.0762162912055663,0.0706457361776602
"51",0.512853895653473,0.418624008878739,0.427940281942651,0.382180626847514,0.364465834996318,0.247441493164865,0.124056900765151,50,0.0709018536502076,0.0895770860234561,0.0906122274750019,0.0693438056922108,0.0887020179922524,0.0762909921350593,0.070859167404783
"52",0.509705785053411,0.420854365202173,0.430256010756934,0.38410150789162,0.366482760092629,0.248188502459795,0.124334361360411,51,0.07078446647529,0.0896731300756614,0.0907296146499194,0.0693011194467863,0.0887340326763209,0.0762589774509909,0.0709018536502076
"53",0.506557674453349,0.422679202194073,0.43297725890275,0.385990374251657,0.368040808050626,0.249522447629313,0.124537121026177,52,0.0707951380366461,0.0898758897414281,0.0908576733861931,0.0692477616400056,0.088894106096663,0.0762162912055663,0.0708698389661391
"54",0.503398892291931,0.424461352940549,0.435058213367198,0.387676480945927,0.370057733146937,0.250536245958146,0.124782566937369,53,0.070859167404783,0.0900359631617702,0.0910817761746721,0.0692157469559371,0.0889581354647999,0.0762909921350593,0.0707204371071531
"55",0.500325482621362,0.426307533055161,0.436594918202482,0.388679607713405,0.371519737052728,0.251475343357487,0.124995998164491,54,0.0708805105274953,0.0901960365821123,0.0911671486655213,0.0691623891491564,0.0891075373237858,0.0762376343282786,0.0708271527207146
"56",0.497252072950793,0.428281771906048,0.4385371423693,0.389768106971731,0.373120471256149,0.25221168109106,0.124985326603135,55,0.0709018536502076,0.0902280512661808,0.091220506472302,0.0691944038332248,0.0894276841644701,0.0762056196442101,0.0709125252115637
"57",0.493879859562253,0.429701089566414,0.440426008729337,0.391198096193454,0.374038225532778,0.253118763806333,0.124995998164491,56,0.0709978977024128,0.0903774531251667,0.0913592367699318,0.0690343304128827,0.0894810419712508,0.0761309187147172,0.0709872261410567
"58",0.490763763646259,0.431163093472206,0.441695924530718,0.392670771660602,0.374699862336858,0.254111219012454,0.124963983480423,57,0.0709552114569883,0.0903454384410983,0.0912418495950142,0.0690983597810196,0.0895343997780315,0.0762162912055663,0.0709765545797006
"59",0.487338192450938,0.432347636782738,0.442891139402606,0.393716584673504,0.375756346911117,0.254772855816535,0.124921297234998,58,0.0709765545797006,0.0903347668797422,0.0912845358404388,0.0690450019742389,0.0895664144621,0.0762162912055663,0.0709872261410567
"60",0.484264782780369,0.433222704813941,0.443894266170083,0.394655682072844,0.376353954347061,0.255146360463999,0.124835924744149,59,0.0709978977024128,0.0903134237570299,0.0911671486655213,0.068980972606102,0.0895664144621,0.0761522618374294,0.0708911820888514
"61",0.481159358425731,0.434385905001761,0.444950750744341,0.395253289508788,0.377421110482675,0.255445164181971,0.1247505522533,60,0.0708271527207146,0.0903134237570299,0.0910817761746721,0.0687888845016914,0.0895450713393877,0.0759174874875943,0.0708164811593584
"62",0.478128635000587,0.435164928980759,0.445665745355203,0.395744181331171,0.378168119777605,0.255679938531807,0.124547792587533,61,0.0706990939844409,0.0903134237570299,0.0911991633495897,0.0688102276244037,0.0895450713393877,0.0758641296808136,0.0708058095980023
"63",0.474905823471032,0.435943952959758,0.446049921564024,0.396128357539992,0.379021844686096,0.256000085372491,0.124323689799055,62,0.070560363686811,0.090249394388893,0.0911244624200967,0.0685861248359247,0.0895450713393877,0.075672041576403,0.070560363686811
"64",0.471640325696053,0.435773207978059,0.446391411527421,0.396597906239662,0.37948072182441,0.256448290949449,0.124206302624137,63,0.0704536480732496,0.0902173797048246,0.0911671486655213,0.0684473945382949,0.0895770860234561,0.0755119681560609,0.0706137214935917
"65",0.468140053571238,0.435922609837045,0.446754244613529,0.397110141184757,0.379800868665094,0.256544335001654,0.123982199835658,64,0.0703789471437566,0.0899505906709211,0.0910924477360283,0.068308664240665,0.0895664144621,0.0754372672265679,0.070485662757318
"66",0.464437021780657,0.435943952959758,0.447127749260994,0.39690738151899,0.379982285208149,0.256544335001654,0.123715410801754,65,0.0703255893369759,0.0899505906709211,0.090996403683823,0.0682553064338843,0.0894063410417578,0.0753518947357188,0.0703576040210443
"67",0.461235553373814,0.435986639205182,0.447629312644733,0.396822009028141,0.379960942085437,0.256480305633517,0.123683396117686,66,0.0702188737234145,0.0898011888119351,0.0908790165089054,0.0680738898908299,0.0893316401122648,0.0752345075608012,0.0701441727939215
"68",0.457841996862561,0.436061340134675,0.447821400749144,0.396555219994237,0.379832883349163,0.25641627626538,0.123320563031577,67,0.0701121581098531,0.0896517869529491,0.0908576733861931,0.0679138164704878,0.0892355960600595,0.0751491350699521,0.0700267856190039
"69",0.454267023808253,0.43582656578484,0.447639984206089,0.396267087837622,0.37975818241967,0.256384261581312,0.122893700577331,68,0.0700481287417162,0.0895130566553192,0.0907509577726317,0.0679138164704878,0.0890968657624297,0.0750851057018152,0.0700908149871408
"70",0.450809437928863,0.435090228051266,0.447394538294898,0.395808210699307,0.379640795244752,0.256298889090463,0.12245616656173,69,0.0699307415667986,0.0895023850939631,0.090772300895344,0.0677430714887895,0.0889261207807314,0.0750851057018152,0.0700267856190039
"71",0.447671998890158,0.434481949053966,0.446882303349803,0.395306647315569,0.379374006210849,0.256053443179272,0.122082661914265,70,0.0697813397078127,0.0893209685509087,0.0906122274750019,0.0675296402616667,0.0888087336058139,0.0748823460360485,0.0699093984440863
"72",0.444278442378904,0.43386299849531,0.446786259297598,0.394709039879625,0.379139231861014,0.255829340390793,0.121623784775951,71,0.0695999231647582,0.0892355960600595,0.0905375265455089,0.0673268805959,0.0888407482898823,0.0747222726157064,0.0697279819010319
"73",0.440692797763241,0.433350763550215,0.445911191266394,0.393833971848421,0.378552295986426,0.255829340390793,0.121250280128486,72,0.0696639525328951,0.0891822382532788,0.0903561100024545,0.0671454640528456,0.08881940516717,0.0745621991953643,0.0696639525328951
"74",0.437619388092672,0.432518381764436,0.44526022602367,0.392862859765012,0.377944016989126,0.255605237602314,0.120802074551528,73,0.0694611928671284,0.0889581354647999,0.0900252916004141,0.0669427043870789,0.0885526161332665,0.07424205235468,0.0694078350603477
"75",0.434663365597021,0.431867416521711,0.444780005762643,0.391806375190754,0.377058277396566,0.255093002657219,0.120172452431515,74,0.0691517175878003,0.0886059739400472,0.0898332034960035,0.0667079300372437,0.0882538124152945,0.0739966064434888,0.0691730607105126
"76",0.431451225628822,0.430821603508809,0.444246427694836,0.391059365895824,0.376375297469773,0.254431365853138,0.119681560609133,75,0.069130374465088,0.088595302378691,0.0897585025665105,0.0665585281782578,0.0880937389949523,0.0738898908299273,0.068980972606102
"77",0.427865581013158,0.429370271164374,0.443104570629729,0.390194969425977,0.375564258806706,0.253876444662619,0.11899858068234,76,0.0690663450969511,0.0884138858356366,0.0896838016370175,0.0663237538284226,0.0880510527495278,0.0737831752163659,0.0687675413789792
"78",0.424802842903945,0.428228414099267,0.442421590702936,0.389255872026636,0.374731877020927,0.253108092244976,0.118465002614533,77,0.0689169432379651,0.088296498660719,0.0895664144621,0.0661956950921489,0.0878803077678295,0.0736657880414483,0.0687461982562669
"79",0.42124921297235,0.426681037702626,0.441194361146979,0.388135358084241,0.373984867725997,0.252361082950046,0.117867395178589,78,0.068831570747116,0.0881897830471576,0.0893209685509087,0.0660356216718068,0.0876668765407067,0.0733989990075448,0.0686394826427055
"80",0.418047744565507,0.425368435655821,0.439988474713735,0.386982829457778,0.372907040029027,0.25141131398935,0.117515233653836,79,0.06868216888813,0.0878803077678295,0.0889154492193753,0.0659289060582454,0.0872827003318856,0.0732602687099149,0.0683940367315142
"81",0.414899633965445,0.423949117995454,0.4391454213666,0.385937016444876,0.371562423298153,0.250546917519502,0.117024341831453,80,0.0684900807837195,0.087538817804433,0.0885099298878419,0.0655767445334927,0.0870265828593381,0.0729828081146553,0.0681165761362545
"82",0.411730180242671,0.422284354423896,0.438249010212684,0.385019262168248,0.370153777199142,0.249767893540504,0.116309347220592,81,0.0682126201884598,0.0872293425251048,0.0882324692925822,0.06522458300874,0.0865890488437363,0.0726306465899026,0.0679565027159124
"83",0.408486025590404,0.420587576168269,0.437256555006563,0.383770689489579,0.368670430170638,0.248786109895739,0.115711739784648,82,0.0679351595932001,0.086941210368489,0.0879443371359664,0.0649577939748365,0.0863436029325451,0.0724065438014236,0.0677110568047211
"84",0.405423287481191,0.418858783228574,0.435805222662128,0.38274621959939,0.367037681283149,0.248071115284877,0.11526353420769,83,0.0678071008569264,0.0867597938254346,0.0877202343474874,0.0649151077294119,0.0860661423372854,0.07213975476752,0.0676150127525158
"85",0.402051074092651,0.41732207839329,0.434311204072268,0.381743092831912,0.36551164800922,0.247110674762825,0.114890029560225,84,0.0674335962094614,0.0865463625983118,0.0873253865773101,0.0645629462046592,0.0857033092511765,0.0717342354359866,0.0673268805959
"86",0.398796247879027,0.415379854226472,0.43311598920038,0.380238402680696,0.363868227560374,0.246075533311279,0.114367123053774,85,0.0672415081050508,0.0863009166871205,0.0869945681752697,0.0643388434161802,0.0853831624104923,0.0715101326475077,0.0671988218596263
"87",0.395872240067444,0.413715090654914,0.431547269681027,0.37854162442507,0.362384880531871,0.245200465280075,0.113801530301898,86,0.0669960621938596,0.0860447992145731,0.0866210635278048,0.0642321278026188,0.0851804027447256,0.0712006573681795,0.0670174053165719
"88",0.392692114783314,0.411922268347082,0.429903849232181,0.377068948957922,0.360762803205737,0.244336068810228,0.11329996691816,87,0.0667612878440245,0.0856392798830397,0.0863436029325451,0.0640400396982082,0.0848282412199729,0.070933868334276,0.0667612878440245
"89",0.389704077603594,0.409926686373483,0.428089683801637,0.375617616613487,0.359247441493165,0.243247569551901,0.11288377602527,88,0.0664624841260525,0.0852444321128624,0.0860341276532169,0.0638159369097293,0.0845187659406448,0.0706030499322356,0.0665478566169016
"90",0.386555967003532,0.408187221872432,0.426190145880244,0.373910166796504,0.357572006360251,0.242073697802726,0.112200796098477,89,0.0661103226012998,0.0849776430789589,0.0857246523738888,0.063570490998538,0.084081231925043,0.0702935746529075,0.0663557685124911
"91",0.383386513280758,0.406287683951039,0.424205235468001,0.372245403224946,0.355843213420556,0.240867811369481,0.111581845539821,90,0.065896891374177,0.0847108540450553,0.0854685349013414,0.0633997460168397,0.0837610850843587,0.0700267856190039,0.0661209941626559
"92",0.380163701751203,0.404462846959139,0.422305697546608,0.370527281846607,0.354221136094422,0.239715282743018,0.110952223419809,91,0.0655767445334927,0.0842839915908097,0.0850203293243835,0.0630582560534432,0.083184820771127,0.0696959672169635,0.0657048032697664
"93",0.377111635203347,0.402573980599101,0.420203399959448,0.368787817345556,0.352321598173029,0.238541410993843,0.110237228808947,92,0.0653312986223014,0.0838357860138517,0.0846254815542062,0.0626420651605536,0.0826939289487445,0.06942917818306,0.0654700289199313
"94",0.37405956865549,0.400578398625503,0.418485278581109,0.366834921617382,0.350432731812992,0.237452911735516,0.109757008547921,93,0.0649471224134803,0.0835156391731674,0.0842413053453851,0.0623859476880062,0.0823417674239918,0.0690876882196634,0.0651712252019593
"95",0.37074071307373,0.398860277247164,0.416468353484798,0.36462590841666,0.348554537014311,0.236172324372779,0.109116714866552,94,0.0646696618182206,0.0831421345257025,0.0840172025569061,0.0621511733381711,0.0819469196538146,0.0685967963972809,0.0648724214839873
"96",0.367795362139435,0.39657656311695,0.414622173370186,0.362320851163734,0.346569626602068,0.23506248199174,0.108380377132978,95,0.0643708581002486,0.0828646739304428,0.0836436979094411,0.0619377421110483,0.0815414003222811,0.0682979926793089,0.0646589902568645
"97",0.364967398380057,0.394495608652502,0.412530547344382,0.360239896699286,0.344616730873894,0.233835252435784,0.107750755012966,96,0.0639866818914275,0.0823417674239918,0.0831528060870586,0.0616496099544324,0.081082523183967,0.0679565027159124,0.0644135443456732
"98",0.361755258411858,0.392275923890424,0.410182803846031,0.358436402830098,0.342706521391145,0.232543993511691,0.10718516226109,97,0.0636131772439626,0.08190423340839,0.0826085564578954,0.061393492481885,0.0806876754137898,0.0675082971389544,0.0640933975049889
"99",0.358895279968412,0.390066910689703,0.40816587874972,0.356568879592773,0.340881684399244,0.231327435517091,0.106491510772941,98,0.0634317607009082,0.0814240131473636,0.0821390077582251,0.0611267034479815,0.080250141398188,0.0672415081050508,0.0637732506643047
"100",0.356462163979212,0.388082000277461,0.406010223355779,0.354455910444257,0.33892878867107,0.229865431611299,0.105723158355299,99,0.0631436285442923,0.0808050625887074,0.0816267728131303,0.0607852134845849,0.0797485780144493,0.066878675018942,0.0634637753849766
"101",0.353997033305943,0.385712913656397,0.403715837664209,0.352012122893701,0.336879848890691,0.228638202055343,0.105125550919355,100,0.0627167660900466,0.0804529010639547,0.0810184938158302,0.0604223803984761,0.0793110439988475,0.0665265134941893,0.0630262413693747
"102",0.350955638319443,0.383311812351265,0.401709584129254,0.349461619729583,0.334542776953696,0.227144183465483,0.104335855379001,101,0.0624393054947869,0.0799086514347914,0.0804315579412424,0.0601342482418603,0.0789375393513825,0.0661530088467244,0.0627594523354712
"103",0.348266404857695,0.380878696362065,0.399521914051245,0.347113876231231,0.332515180296029,0.225607478630198,0.10367421857492,102,0.062065800847322,0.0795885045941072,0.0800046954869967,0.059888802330669,0.0785640347039175,0.065747489515191,0.0623646045652939
"104",0.344851505223729,0.378466923495577,0.397344915534592,0.344819490539661,0.330412882708869,0.224284205022037,0.10306593957762,103,0.0616816246385009,0.0791616421398615,0.0795351467873265,0.0594939545604917,0.0781585153723841,0.065373984867726,0.0620444577246097
"105",0.342034213025708,0.376076493751801,0.395114559211158,0.342503761725378,0.328043796087806,0.222832872677601,0.102414974334895,104,0.0613828209205289,0.0787667943696842,0.0791296274557931,0.0590884352289583,0.077624937304577,0.0650111517816172,0.061692296199857
"106",0.339270278634467,0.373611363078532,0.392873531326368,0.340113331981602,0.325760081957591,0.221477584385371,0.101497220058267,105,0.0609879731503516,0.0783292603540824,0.078596049387986,0.0587469452655618,0.0771233739208384,0.0645736177660153,0.0612974484296797
"107",0.336388957068309,0.371178247089332,0.390194969425977,0.337818946290032,0.323839200913486,0.219930207988731,0.100760882324693,106,0.0606251400642428,0.0777956822862753,0.0780944860042473,0.05830941124996,0.076568452730319,0.0641254121890574,0.0609452869049271
"108",0.333934497956396,0.368649087047926,0.387505735964229,0.335481874353037,0.321672873958189,0.218478875644296,0.100141931766037,107,0.0602409638554217,0.0772407610957559,0.0775075501296595,0.0579572497252073,0.076045546223868,0.0635918341212503,0.0605931253801744
"109",0.33074370111091,0.365970525147534,0.385232693395371,0.333347562081808,0.319239757968988,0.217123587352065,0.0991814912439839,108,0.0597714151557514,0.0765364380462505,0.0768459133255787,0.0575410588323178,0.0755759975241978,0.063196986351073,0.060112905119148
"110",0.327670291440341,0.363057188897308,0.382724876476677,0.331149220442443,0.317148131943185,0.215714941253055,0.0982423938446434,109,0.0593979105082865,0.0760668893465803,0.0762056196442101,0.0570608385712914,0.0750851057018152,0.0627167660900466,0.05966469954219
"111",0.324404793665361,0.360496014171833,0.38008900082171,0.328758790698667,0.314661658147204,0.214263608908619,0.0972712817612345,110,0.0588963471245478,0.0754479387879241,0.0755973406469101,0.0567086770465387,0.074540856072652,0.0624072908107185,0.0592164939652321
"112",0.321160639013094,0.357817452271442,0.377613198587085,0.325962841623358,0.312239213719359,0.212758918757403,0.096257483432401,111,0.0585655287225074,0.0750317478950345,0.0751598066313082,0.0563778586444983,0.0740392926889133,0.0620764724086781,0.0588429893177671
"113",0.31818327339473,0.354968145389352,0.374625161407366,0.323337637529747,0.310040872079994,0.211243557044831,0.0955318172601833,112,0.0581066515841933,0.0744341404590906,0.074466155143159,0.0559616677516087,0.0734310136916132,0.0615322227795149,0.0583200828113161
"114",0.314939118742463,0.352438985347946,0.37209600136596,0.320872506856478,0.307842530440629,0.209898940313957,0.0945820482994867,113,0.0577011322526599,0.0737511605322975,0.0738258614617905,0.0555454768587192,0.0728547493783815,0.0610840172025569,0.057861205673002
"115",0.312345929332921,0.350155271217732,0.368990577011323,0.318439390867278,0.30579359066025,0.208266191426468,0.0935362352865848,114,0.0573596422892633,0.0731962393417781,0.0732816118326272,0.0551186144044735,0.0724065438014236,0.0605931253801744,0.0575090441482493
"116",0.309838112414227,0.347551410246833,0.366418730724492,0.315920902387228,0.303381817793761,0.206697471907115,0.0926825103780934,115,0.0569221082736615,0.072587960344478,0.0726413181512587,0.054627722582091,0.0718196079268358,0.0600702188737234,0.0570501670099352
"117",0.306860746795864,0.34490486303051,0.363676139455964,0.313274355170905,0.30117280459304,0.204744576178941,0.0919568442058758,116,0.0565379320648404,0.0721504263288762,0.0722037841356569,0.0542222032505576,0.0713500592271655,0.0595793270513409,0.0566766623624703
"118",0.30421419957954,0.342279658936899,0.360986905994216,0.311342802565443,0.298697002358415,0.203250557589081,0.0910924477360283,117,0.0560256971197456,0.0715208042088638,0.0715848335770007,0.0537633261122435,0.0706457361776602,0.0589283618086162,0.0562071136628
"119",0.301546309240505,0.339803856702274,0.357902824762291,0.308909686576243,0.296114484510229,0.201585794017523,0.0903347668797422,118,0.0556308493495683,0.070859167404783,0.0710299123864813,0.0532724342898609,0.0701014865484969,0.0584694846703021,0.0556308493495683
"120",0.298942448269606,0.337402755397142,0.354829415091722,0.306433884341618,0.293521295100686,0.199803643271047,0.0894276841644701,119,0.0553107025088841,0.0704963343186742,0.070635064616304,0.0529096012037521,0.0697386534623881,0.0581386662682617,0.0553960749997332
"121",0.295922396405818,0.334564120076408,0.352022794455057,0.304363601438526,0.291045492866061,0.19805350720864,0.0883818711515682,120,0.0547984675637893,0.0697279819010319,0.0700161140576478,0.0523333368905205,0.068980972606102,0.0576264313231669,0.0548198106865015
"122",0.293105104207797,0.331970930666866,0.349472291290939,0.302314661658147,0.288783121858559,0.19655948861878,0.0875708324885014,121,0.0544249629163243,0.069130374465088,0.0694505213057722,0.0519064744362748,0.0685754532745686,0.0572422551143458,0.0544142913549681
"123",0.290426542307405,0.329057594416639,0.346270822884096,0.299945575037084,0.286360677430715,0.194627936013318,0.0867491222640785,122,0.053955414216654,0.0685007523450756,0.0688208991857599,0.0514689404206729,0.0678604586637071,0.0567833779760317,0.0539447426552979
"124",0.287406490443617,0.32598418474607,0.34368830503591,0.29799267930891,0.283948904564227,0.192675040285144,0.0858633826715187,123,0.0534751939556277,0.0678711302250632,0.0682339633111721,0.0510314064050711,0.0671881502982701,0.0563031577150053,0.0534218361488469
"125",0.284386438579829,0.323401666897884,0.340967056890094,0.295730308301408,0.281473102329602,0.190839531731888,0.0851910743060817,124,0.0530910177468065,0.0673268805959,0.0676150127525158,0.0507005880030307,0.0666759153531753,0.0558549521380473,0.0530056452559574
"126",0.281942651029272,0.320499002209013,0.338053720639867,0.293660025398316,0.278666481692937,0.189046709424056,0.0844440650111518,125,0.0527388562220538,0.0667612878440245,0.0671561356142017,0.0503911127237026,0.0661423372853682,0.0553640603156648,0.0526641552925609
"127",0.279637593776345,0.317607009081499,0.33514038438964,0.291525713127088,0.276340081317298,0.187574033956908,0.083633026348085,126,0.0523119937678082,0.0661103226012998,0.0664838272487648,0.0498788777786078,0.0654700289199313,0.0548945116159945,0.0522693075223836
"128",0.277140448419008,0.314747030638053,0.332248391262126,0.289284685242298,0.273757563469111,0.185706510719583,0.0829713895440042,127,0.0517997588227134,0.0653633133063699,0.0658115188833278,0.0493879859562253,0.0647123480636452,0.0542755610573383,0.0517677441386449
"129",0.274408528711836,0.311993767808168,0.328982893487146,0.286904927059878,0.271196388743637,0.183999060902601,0.0821069930741567,128,0.0512555091935501,0.0647123480636452,0.0651178673951786,0.0488010500816374,0.0641040690663451,0.0537206398668189,0.0511167788959203
"130",0.271665937443307,0.309155132487434,0.32570672415081,0.284407781702541,0.268848645245286,0.182184895472057,0.0812212534815969,129,0.0508286467393044,0.0640507112595644,0.0645095883978785,0.0484809032409532,0.063495790069045,0.0533151205352855,0.0508179751779483
"131",0.269264836138175,0.306273810921276,0.322782716339228,0.28211339601097,0.266554259553715,0.180392073164225,0.080399543257174,130,0.0503911127237026,0.0634531038236204,0.0639866818914275,0.0480860554707759,0.0629301973171695,0.0528455718356153,0.0503911127237026
"132",0.266308813642524,0.303403160916474,0.319784007598152,0.279530878162784,0.264174501371296,0.178727309592667,0.0795671614713949,131,0.0499535787081008,0.0630155698080186,0.0634317607009082,0.0477018792619548,0.0624606486174992,0.0524187093813696,0.0499535787081008
"133",0.263854354530611,0.300607211841164,0.316347764841474,0.277087090612227,0.262082875345492,0.177019859775684,0.0787561228083281,132,0.0494840300084305,0.0623966192493624,0.0627274376514028,0.0473710608599144,0.061841698058843,0.0518104303840695,0.0496014171833481
"134",0.261399895418699,0.298120738045183,0.313487786398028,0.274643303061671,0.25968177404036,0.175589870553961,0.0779557557066174,133,0.0490038097474041,0.0617349824452816,0.0620124430405413,0.0469975562124494,0.0612974484296797,0.0512768523162624,0.0492705987813077
"135",0.258849392254581,0.295463519267504,0.310969297917978,0.272188843949758,0.257366045226077,0.174127866648169,0.0769953151845646,134,0.0485129179250216,0.0611267034479815,0.0612974484296797,0.0466240515649845,0.0606784978710235,0.0507326026870992,0.0489077656951989
"136",0.256021428495203,0.292635555508126,0.307981260738259,0.269339537067668,0.254506066782631,0.172527132444748,0.0763016636964154,135,0.0480540407867075,0.0604223803984761,0.0606037969415305,0.0462292037948072,0.0599421601374497,0.0502843971101412,0.0485235894863777
"137",0.253225479419894,0.289764905503324,0.304982551997183,0.267098509182879,0.252030264548006,0.171161172591162,0.0753092084902942,136,0.0475311342802565,0.0597607435943953,0.0600168610669427,0.0458450275859861,0.059291194894725,0.0497935052877587,0.0480540407867075
"138",0.250557589080858,0.287214402339206,0.302325333219503,0.264409275721131,0.249991996328983,0.169496409019604,0.074540856072652,137,0.0469975562124494,0.0590564205448899,0.0593445527015058,0.0454395082544527,0.0585655287225074,0.0492812703426638,0.0475418058416127
"139",0.248124473091658,0.284450467947965,0.299187894180798,0.261880115679725,0.247473507848933,0.16787433169347,0.0736231017960238,138,0.0465066643900669,0.0584161268635214,0.0586188865292881,0.0449592879934263,0.0579679212865634,0.0487797069589252,0.0470082277738056
"140",0.245723371786526,0.281739891363505,0.296189185439722,0.259532372181374,0.245083078105158,0.165942779088008,0.0727160190807517,139,0.0460477872517528,0.0577331469367283,0.0581386662682617,0.0444790677323999,0.0573703138506195,0.0483528445046795,0.0466880809331213
"141",0.243589059515298,0.27907200102447,0.293446594171193,0.257344702103365,0.242617947431889,0.164299358639163,0.0719369951017533,140,0.0454715229385211,0.0571888973075651,0.0574770294641809,0.0439028034191683,0.0565592751875527,0.0478192664368724,0.0459944294449721
"142",0.241678850032548,0.276468140053571,0.29046922855283,0.255381134813835,0.23982199835658,0.162687952874385,0.071083270193262,141,0.0449059301866456,0.0565486036261965,0.0569434513963738,0.043283852860512,0.0559936824356772,0.0473283746144898,0.0454715229385211
"143",0.239950057092853,0.273757563469111,0.287427833566329,0.25304406287684,0.237687686085351,0.160980503057402,0.0702295452847706,142,0.0443616805574824,0.0558869668221157,0.0563351723990737,0.0428036325994856,0.0552466731407472,0.0467947965466827,0.045012645800207
"144",0.237901117312474,0.270556095062269,0.28463188449102,0.250813706553406,0.235179869166658,0.159401111976693,0.0691837322718687,143,0.0439668327873051,0.0553854034383771,0.0556735355949929,0.0424407995133768,0.0547451097570085,0.0462292037948072,0.0445537686618929
"145",0.23553203069141,0.267728131302891,0.281771906047574,0.248369919002849,0.23249063570491,0.157533588739368,0.0683940367315142,144,0.0434759409649226,0.0548304822478577,0.0551186144044735,0.0418965498842136,0.0540621298302155,0.045684954165644,0.044030862155442
"146",0.232938841281868,0.26496419691165,0.278399692659033,0.245680685541102,0.230132220645203,0.155740766431537,0.0672094934209824,145,0.0428356472835541,0.0540514582688593,0.0542862326186944,0.0413202855709819,0.0532190764830802,0.0450339889229193,0.0433798969127173
"147",0.230260279381476,0.262093546906848,0.275283596743039,0.243130182376984,0.227453658744811,0.15418271847354,0.0665158419328332,146,0.0423981132679522,0.0535498948851206,0.0538593701644488,0.0409254378008046,0.0526961699766293,0.0445537686618929,0.0429637060198278
"148",0.228168653355672,0.259158867533909,0.272146157704334,0.240579679212866,0.224679052792214,0.152379224604352,0.0658008473219717,147,0.0419605792523504,0.0529202727651083,0.0532297480444364,0.0404879037852028,0.0520985625406853,0.0441269062076472,0.0425581866882944
"149",0.225778223611897,0.256587021247079,0.268773944315793,0.237837087944337,0.222107206505384,0.150671774787369,0.0647123480636452,148,0.0414483443072556,0.0521092341020415,0.0525574396789994,0.040050369769601,0.0515436413501659,0.0435719850171279,0.0420566233045557
"150",0.2236118966566,0.253748385926345,0.265913965872347,0.235222555412082,0.219417973043636,0.149017682777167,0.0639226525232907,149,0.0409894671689415,0.0513622248071115,0.0517890872613572,0.0395914926312869,0.050796632055236,0.0429637060198278,0.0415977461662416
"151",0.221733701857919,0.250877735921543,0.262776526833641,0.232778767861526,0.217048886422572,0.147214188907979,0.0631756432283607,150,0.0406159625214765,0.0506792448803184,0.051170136702701,0.0391966448611096,0.0501776814965798,0.0425688582496505,0.0412242415187766
"152",0.219204541816513,0.247964399671316,0.259916548390195,0.230729828081147,0.214903902589988,0.14563479782727,0.0624179623720747,151,0.0402317863126554,0.0501243236897991,0.0505511861440447,0.0388338117750008,0.0495694024992797,0.0420993095499803,0.0408187221872432
"153",0.216782097388669,0.244901661562103,0.256928511210475,0.22870223142348,0.212652203143842,0.143767274589945,0.0616496099544324,152,0.0398582816651904,0.0496014171833481,0.0499002209013201,0.0383856061980428,0.0489611235019796,0.04162976085031,0.0404558891011344
"154",0.214413010767605,0.241892281259671,0.253630998751427,0.226557247590895,0.210229758715998,0.142411986297715,0.0607105125550919,153,0.039378061404164,0.0490464959928287,0.0493132850267323,0.0379160574983726,0.0482141142070496,0.0410108102916538,0.0399116394719711
"155",0.212129296637391,0.2389896165708,0.250344157853736,0.224326891267461,0.208106118006125,0.140768565848869,0.0598674592079567,154,0.0388658264590692,0.0485022463636655,0.0487476922748567,0.0374251656759901,0.0474457617894074,0.0405519331533397,0.0394100760882325
"156",0.209493420982424,0.236150981250067,0.247409478480797,0.222053848698603,0.205480913912515,0.139199846329516,0.0589817196153969,155,0.0385136649343165,0.0478726242436531,0.0481180701548444,0.0371583766420865,0.0469548699670249,0.040125070699094,0.0390045567566991
"157",0.207391123395264,0.233280331245264,0.244250696319378,0.219642075832115,0.20305846948467,0.137577769003383,0.0581813525136863,156,0.0379160574983726,0.0472003158782161,0.0473603892985583,0.0365500976447864,0.0461971891107388,0.0395381348245062,0.0384923218116043
"158",0.20496867896742,0.23052706841538,0.241582805980343,0.217208959842915,0.200582667250045,0.135945020115893,0.0573916569733318,157,0.0374038225532778,0.0466240515649845,0.046741438739902,0.0361232351905407,0.0457169688497124,0.0391646301770412,0.037873371252948
"159",0.202962425432465,0.227741790901427,0.238840214711814,0.214882559467276,0.198160222822201,0.134120183123993,0.0564418880126351,158,0.0368595729241145,0.045909056954123,0.0461118166198897,0.0355042846318845,0.0450980182910562,0.0385883658638095,0.0373824794305655
"160",0.200593338811401,0.225148601491884,0.236097623443286,0.212588173775705,0.195588376535371,0.132241988325312,0.0555454768587192,159,0.036293980172239,0.0452260770273299,0.0454501798158089,0.0349707065640774,0.0445110824164684,0.0380334446732902,0.0368489013627584
"161",0.198010820963215,0.222523397398273,0.233184287193059,0.210464533065833,0.193347348650581,0.130662597244603,0.0547664528797208,160,0.0357283874203635,0.0445537686618929,0.044713842082235,0.0345225009871194,0.0439775043486613,0.0375318812895515,0.0363259948563074
"162",0.195289572817399,0.219578046463978,0.230356323433682,0.208298206110536,0.191052962959011,0.129072534602538,0.0540514582688593,161,0.0351627946684879,0.0439775043486613,0.0442016071371402,0.0341489963396545,0.0433372106672927,0.0370303179058128,0.0359418186474863
"163",0.192867128389555,0.216867469879518,0.227432315622099,0.205747702946418,0.188513131356249,0.127546501328609,0.0532724342898609,162,0.0346825744074616,0.0433265391059366,0.043582656578484,0.0337541485694772,0.0426969169859242,0.0366354701356355,0.0356003286840898
"164",0.190199238050519,0.214071520804209,0.224348234390174,0.203143841975519,0.186026657560268,0.125807036827558,0.0523119937678082,163,0.0344264569349141,0.0425795298110066,0.0429637060198278,0.0334660164128614,0.0419819223750627,0.0361659214359653,0.0352161524752687
"165",0.187648734886401,0.211499674517379,0.221285496280961,0.200881470968017,0.183625556255136,0.124046229203795,0.0513408816843992,164,0.0339675797966,0.0420246086204873,0.0424728141974452,0.0330391539586157,0.0414270011845433,0.035696372736295,0.0347679468983107
"166",0.185226290458557,0.208703725442069,0.218489547205652,0.198875217433063,0.181544601790688,0.122413480316305,0.0506685733189623,165,0.0331245264494648,0.041181555273352,0.0416831186570907,0.0324949043294524,0.0406159625214765,0.0349173487572967,0.0340209376033807
"167",0.182750488223932,0.205939791050829,0.215736284375767,0.196207327094027,0.178876711451652,0.120748716744747,0.0498255199718271,166,0.032537590574877,0.0405092469079151,0.0409361093621608,0.0319186400162208,0.0398582816651904,0.0343624275667773,0.0334340017287929
"168",0.180360058480156,0.203111827291451,0.2124921297235,0.19371018173669,0.176432923901096,0.118710448525724,0.0489824666246919,167,0.0319613262616453,0.0399116394719711,0.0402104431899431,0.0313210325802768,0.0391112723702605,0.0338075063762579,0.0328150511701367
"169",0.17750008003671,0.200422593829703,0.209770881577684,0.191116992327147,0.173978464789183,0.117013670270097,0.0480220261026391,168,0.0315664784914681,0.0394847770177255,0.0396448504380676,0.0308514838806066,0.0385029933729604,0.0333166145538754,0.0323668455931787
"170",0.174437341927497,0.197669330999819,0.20712433436136,0.188459773549468,0.171737436904393,0.11540226450532,0.047264345246353,169,0.0311396160372224,0.0388124686522885,0.0390685861248359,0.0304246214263609,0.0379267290597287,0.0327937080474244,0.0319293115775769
"171",0.171641392852188,0.19506547002892,0.204445772460969,0.186080015367048,0.169186933740276,0.113737500933762,0.0462932331629441,170,0.0307020820216206,0.0381188171641393,0.0384282924434674,0.0299977589721152,0.0372971069397163,0.0322708015409735,0.0314917775619751
"172",0.169347007160618,0.192461609058021,0.201521764649386,0.18333742409852,0.167116650837184,0.112030051116779,0.0452901063954667,171,0.0302111901992381,0.0374678519214146,0.0377773272007427,0.0294108230975274,0.0366034554515671,0.0317905812799471,0.031032900423661
"173",0.16665777369887,0.189590959053219,0.198533727469666,0.180925651232032,0.164502118304929,0.110375959106577,0.0444683961710438,172,0.0296882836927871,0.0368062151173338,0.0370623325898812,0.0289732890819256,0.0358564461566372,0.0313103610189207,0.0305953664080592
"174",0.163691079641862,0.186528220944006,0.195897851814699,0.178407162751982,0.162751982242522,0.108423063378403,0.0437107153147577,173,0.0292934359226098,0.0361552498746092,0.0363793526630881,0.0285464266276799,0.0352481671593371,0.0308728270033189,0.0301364892697451
"175",0.160436253428239,0.183774958114122,0.192664368723788,0.175856659587864,0.160895130566553,0.10652352545701,0.0428569904062663,174,0.0286531422412413,0.0355042846318845,0.0356750296135828,0.0279701623144482,0.0346185450393247,0.0302965626900872,0.0295815680792257
"176",0.15777903465056,0.181363185247634,0.189676331544068,0.17329548486239,0.158568730190914,0.104976149060369,0.0420139370591311,175,0.0280875494893658,0.0346825744074616,0.0348426478278037,0.027425912685285,0.0337434770081211,0.0296669405700748,0.0289626175205694
"177",0.155132487434236,0.178673951785886,0.18698709808232,0.170755653259628,0.15661583446274,0.103300713927455,0.0412135699574205,176,0.0277033732805447,0.0340742954101615,0.0343624275667773,0.0270630795991762,0.0331245264494648,0.0291226909409116,0.0284930688208992
"178",0.15241123928842,0.176326208287535,0.184127119638874,0.168567983181619,0.154214733157608,0.101635950355897,0.0403705166102852,177,0.0272658392649429,0.0332952714311631,0.0336047467104912,0.0265401730927252,0.0323028162250419,0.0285144119436115,0.0279488191917359
"179",0.149327158056495,0.173978464789183,0.181203111827291,0.165793377229022,0.151728259361627,0.0999071574162016,0.0395488063858623,178,0.0267429327584919,0.0326763208725069,0.0330818402040403,0.0261773400066164,0.0318972968935085,0.0281409072961465,0.0273618833171481
"180",0.14652053741983,0.17119318727523,0.178268432454352,0.163659064957794,0.149455216792769,0.0980503057402329,0.0386523952319464,179,0.0262413693747532,0.032089384997919,0.0325162474521647,0.0256330903774531,0.031331704141633,0.0277140448419008,0.0269243493015463
"181",0.143308397451631,0.168141120727374,0.175419125572262,0.161503409563853,0.147182174223911,0.0962147971869764,0.0378840428143042,180,0.0257077913069461,0.0313423757029891,0.0317585665958786,0.02495011045066,0.0306700673375522,0.0269563639856147,0.0263694281110269
"182",0.140309688710555,0.165547931317831,0.172783249917295,0.15918768074957,0.144599656375724,0.0941338427225287,0.0369449454149637,181,0.0252702572913443,0.0305526801626346,0.0310862582304417,0.0244272039442091,0.0299017149199099,0.0263160703042462,0.0258251784818637
"183",0.13689478907659,0.162698624435741,0.169912599912493,0.156861280373932,0.142582731279413,0.0923730350987653,0.0362512939268144,182,0.0247366792235372,0.0299444011653345,0.0303499204968679,0.0239576552445388,0.0292187349931168,0.0259425656567812,0.0251635416777829
"184",0.134098840001281,0.159859989115007,0.166945905855486,0.154961742452538,0.140448419008185,0.0905588696682212,0.0354189121410354,183,0.0242137727170862,0.0293467937293905,0.0295815680792257,0.0234560918608002,0.028557098189036,0.0254410022730426,0.0245552626804828
"185",0.131025430330712,0.157053368478342,0.164352716445943,0.152987503601652,0.138335449859669,0.0887340326763209,0.0343944422508457,184,0.023818924946909,0.0286211275571729,0.0288238872229396,0.0229545284770615,0.0278314320168184,0.0248220517143863,0.0241070571035248
"186",0.129008505234401,0.154214733157608,0.161225948968594,0.150597073857876,0.135955691677249,0.0867704653867907,0.0335407173423544,185,0.0231679597041843,0.0277460595259692,0.0280768779280096,0.0224102788478982,0.0270737511605323,0.0240857139808125,0.0234881065448686
"187",0.126746134226899,0.151429455643655,0.158152539298025,0.148686864375127,0.133992124387719,0.0849349568335343,0.0328043796087806,186,0.0225916953909527,0.0271697952127376,0.0273298686330797,0.0219514017095841,0.0264121143564515,0.0235414643516493,0.0230078862838422
"188",0.127247697610637,0.149039025899879,0.155740766431537,0.146669939278816,0.131633709328012,0.0830034042280726,0.032089384997919,187,0.0221114751299263,0.0265081584086568,0.0265721877767936,0.0213537942736402,0.0257077913069461,0.0229758715997738,0.0224636366546789
"189",0.126980908576734,0.146360463999488,0.152731386129105,0.144407568271314,0.129456710811359,0.0810505084998986,0.0312249885280715,188,0.0215992401848314,0.0257931637977953,0.0259745803408497,0.0207882015217646,0.0250568260642215,0.0224529650933228,0.0218980439028034
"190",0.127813290362513,0.143820632396726,0.149882079247015,0.141889079791264,0.127333070101487,0.0792897008761352,0.0304246214263609,189,0.0210016327488875,0.0251848848004952,0.0253876444662619,0.0203293243834505,0.0243845176987845,0.0218446860960227,0.0214284952031332
"191",0.127482471960473,0.141046026444129,0.146830012699158,0.139712081274611,0.125326816566532,0.0775182216910156,0.0296242543246502,190,0.0203293243834505,0.0245232479964144,0.0246513067326881,0.0197850747542873,0.0236801946492791,0.0213111080282156,0.0208308877671892
"192",0.126137855229599,0.138292763614244,0.143970034255712,0.138025974580341,0.12311780336581,0.0757360709445399,0.0286958284866659,191,0.0199024619292049,0.0239789983672511,0.0241284002262371,0.0193688838613978,0.0231786312655405,0.0207668583990524,0.0204893978037927
"193",0.124430405412616,0.135560843907072,0.140811252094294,0.136297181640646,0.120866103919664,0.074167351425187,0.0277033732805447,192,0.0192408251251241,0.0232319890723212,0.023370719369951,0.0189313498457959,0.022388935725186,0.0202332803312453,0.019913133490561
"194",0.122296093141388,0.133063698549735,0.138057989264409,0.134258913421623,0.118934551314203,0.0724065438014236,0.0271377805286692,193,0.0191767957569872,0.0229545284770615,0.0229758715997738,0.0187712764254538,0.0220367742004333,0.0199664912973417,0.0196783591407259
"195",0.120108423063378,0.130908043155794,0.135294054873169,0.132562135165996,0.117280459304001,0.0708484958434269,0.026678903390355,194,0.0189206782844398,0.0225916953909527,0.0225383375841719,0.0185258305142625,0.0216099117461876,0.0196676875793697,0.0195182857203837
"196",0.118038140160287,0.128453584043881,0.132647507656845,0.130833342226301,0.115498308557525,0.0693011194467863,0.0262306978133971,195,0.018632546127824,0.0222395338662,0.0221434898139947,0.018408443339345,0.0212364070987226,0.0194329132295346,0.0192408251251241
"197",0.116661508745345,0.126404644263502,0.130235734790357,0.129382009881866,0.113982946844953,0.0677750861728579,0.0257931637977953,196,0.0183230708484958,0.0219514017095841,0.0217059557983929,0.0182270267962906,0.0209162602580384,0.0192728398091925,0.0189526929685082
"198",0.115327563575827,0.125156071584834,0.127493143521829,0.12759985913539,0.112318183273395,0.0662490528989296,0.0253663013435496,197,0.01803493869188,0.0215138676939823,0.0213751373963525,0.0180562818145923,0.0205534271719295,0.0189847076525766,0.0186538892505362
"199",0.114740627701239,0.123779440169891,0.125540247793655,0.126340614895365,0.111112296840151,0.0645842893273715,0.0250674976255776,198,0.0177681496579765,0.0213111080282156,0.0210016327488875,0.0178641937101817,0.0202439518926014,0.0188139626708784,0.0184297864620573
"200",0.114409809299199,0.122594896859359,0.123437950206495,0.124782566937369,0.109330146093675,0.0633037019646344,0.0246726498554003,199,0.0175974046762782,0.0209589465034629,0.0207135005922717,0.0176721056057712,0.0197103738247943,0.0186645608118924,0.0183550855325643
"201",0.113940260599528,0.121324981057979,0.121228937005773,0.123544665820056,0.10793217155602,0.062065800847322,0.0242244442784424,200,0.0173412872037308,0.0206814859082032,0.0202759665766698,0.0175227037467852,0.0193261976159732,0.0183230708484958,0.0180456102532362
"202",0.113972275283597,0.120097751502022,0.11932939908438,0.122146691282402,0.10643815296616,0.0605397675733937,0.0237869102628406,201,0.0170851697311834,0.0203293243834505,0.019913133490561,0.0172559147128816,0.0189313498457959,0.0179922524464554,0.0177681496579765
"203",0.114014961529021,0.119179997225394,0.117397846478918,0.120887447042377,0.105125550919355,0.0594192536309988,0.0233600478085949,202,0.0168824100654167,0.0201158931563277,0.0196036582112329,0.0170744981698272,0.0186859039346047,0.0177788212193326,0.0175760615535659
"204",0.114078990897158,0.118272914510122,0.115925171011771,0.119734918415913,0.103983693854248,0.0580639653387687,0.0230185578451983,203,0.0167009935223623,0.0199024619292049,0.0192621682478363,0.016903753188129,0.0183657570939204,0.0175653899922098,0.0173839734491553
"205",0.114409809299199,0.11708837119959,0.114612568964965,0.118667762280299,0.102863179911853,0.0568687504668808,0.0227731119340071,204,0.0164982338565956,0.0196570160180136,0.0189847076525766,0.0168183806972798,0.018109639621373,0.0173412872037308,0.0171918853447448
"206",0.114815328630732,0.115658381977867,0.113385339409009,0.117579263021973,0.101817366898951,0.0559616677516087,0.0224422935319667,205,0.0163595035589657,0.0192728398091925,0.0187179186186731,0.0165836063474447,0.0177681496579765,0.0169677825562658,0.0170318119244027
"207",0.115231519523621,0.115135475471416,0.112115423607628,0.116522778447715,0.100931627306391,0.0546704088275156,0.0221328182526385,206,0.0161887585772674,0.0188673204776591,0.0183444139712081,0.0163701751203219,0.0175440468694975,0.0167650228904991,0.0168503953813482
"208",0.115967857257195,0.114260407440213,0.11092020873574,0.115498308557525,0.100141931766037,0.0536032526919014,0.0218446860960227,207,0.0159112979820077,0.0186218745664678,0.0179175515169624,0.0162421163840482,0.0172452431515255,0.0165409201020201,0.0166583072769377
"209",0.116554793131783,0.113886902792748,0.109479547952661,0.114591225842253,0.0990214178236418,0.0523973662586573,0.0216525979916122,208,0.0157939108070902,0.0183657570939204,0.0176080762376343,0.0161140576477744,0.0169357678721974,0.0164128613657464,0.0165409201020201
"210",0.117024341831453,0.11376951561783,0.108273661519417,0.113673471565625,0.0982957516514241,0.0514155826138922,0.0214391667644893,209,0.0156018227026796,0.0180882964986607,0.0172345715901694,0.0160286851569253,0.0166583072769377,0.0160393567182815,0.0164235329271026
"211",0.117589934583329,0.113107878813749,0.107238520067871,0.11316123662053,0.0974420267429328,0.0505298430213325,0.0210549905556682,210,0.0154204061596252,0.0178428505874695,0.0168930816267728,0.0158792832979393,0.0163701751203219,0.015783239245734,0.0162421163840482
"212",0.119478800943366,0.112670344798147,0.106459496088873,0.112659673236791,0.0964602430981677,0.0496654465514849,0.0209376033807506,211,0.0152496611779269,0.0177254634125519,0.0166476357155815,0.0157512245616656,0.0161033860864183,0.0157192098775972,0.016007342034213
"213",0.12217870596647,0.112168781414409,0.105733829916655,0.112200796098477,0.0955745035056079,0.048769035397569,0.0208308877671892,212,0.015100259318941,0.0174053165718676,0.0164342044884587,0.0155911511413235,0.015857940175227,0.0155698080186112,0.015857940175227
"214",0.124248988869562,0.11199803643271,0.104581301290192,0.111934007064574,0.0948808520174587,0.0480326976639952,0.0205320840492172,213,0.0149295143372427,0.0171385275379641,0.016231444822692,0.0154310777209814,0.0156765236321726,0.0154417492823375,0.0156871951935288
"215",0.126031139616037,0.111901992380505,0.103610189206783,0.111699232714739,0.09437928863372,0.0471789727555039,0.0203186528220944,214,0.0147374262328321,0.0169571109949097,0.0160393567182815,0.0152496611779269,0.0154310777209814,0.0152389896165708,0.0155377933345428
"216",0.128784402445922,0.111880649257793,0.102735121175579,0.111368414312698,0.0936642940228585,0.0464533065832862,0.0201479078403961,215,0.0144599656375724,0.0166903219610061,0.0157192098775972,0.0149722005826672,0.0153030189847077,0.0151109308802971,0.0151856318097901
"217",0.131270876241903,0.111186997769644,0.102030798126074,0.110952223419809,0.0930880297096268,0.0456209247975071,0.0199238050519171,216,0.0142465344104496,0.0165622632247324,0.0154844355277621,0.0148121271623251,0.0152603327392831,0.014950857459955,0.0150895877575848
"218",0.133138399479228,0.110802821560823,0.101497220058267,0.110792149999466,0.0925651232031759,0.0449913026774947,0.0198597756837803,217,0.014054446306039,0.0163915182430341,0.0151429455643655,0.014652053741983,0.0150575730735164,0.0147694409169006,0.0148974996531743
"219",0.134952564909772,0.110333272861152,0.10082491169283,0.110749463754042,0.0922236332397793,0.0447458567663035,0.019763731631575,218,0.0138943728856969,0.016231444822692,0.0149401858985988,0.014502651882997,0.0148121271623251,0.0145880243738461,0.0147694409169006
"220",0.136457255060988,0.110151856318098,0.100376706115872,0.110930880297096,0.0918821432763828,0.0444790677323999,0.0196250013339452,219,0.0137236279039986,0.01593264110472,0.0147374262328321,0.0142998922172303,0.0146627253033391,0.0144386225148601,0.0145239950057093
"221",0.140224316219706,0.110162527879454,0.0996296968209419,0.110973566542521,0.0915299817516301,0.0438707887350998,0.0196250013339452,220,0.0135955691677249,0.0158365970525148,0.0144813087602847,0.0141398187968882,0.0144172793921479,0.0143319069012987,0.014353250024011
"222",0.146061660281516,0.110109170072673,0.0991281334372032,0.111293713383205,0.0911671486655213,0.0432518381764436,0.0195929866498767,221,0.0134568388700951,0.0157405530003095,0.0143852647080794,0.013905044447053,0.014203848165025,0.0141718334809566,0.0142145197263812
"223",0.150949235382629,0.110002454459112,0.0986052269307522,0.111411100558123,0.0906762568431387,0.0429423628971155,0.019464927913603,222,0.0133181085724652,0.0155377933345428,0.0143319069012987,0.0137876572721355,0.0141184756741759,0.0140117600606145,0.0141184756741759
"224",0.15783239245734,0.11031192973844,0.0980929919856574,0.111283041821849,0.090249394388893,0.0428143041608418,0.0192941829319048,223,0.0131580351521231,0.0153030189847077,0.0141184756741759,0.0137129563426425,0.0138623582016285,0.0138837013243408,0.013979745376546
"225",0.162816011610659,0.109970439775043,0.0977835167063293,0.111453786803547,0.0898865613027842,0.0425902013723628,0.0191661241956311,224,0.0129552754863564,0.0150789161962287,0.0138623582016285,0.0135955691677249,0.0137769857107793,0.0136809416585741,0.0137663141494232
"226",0.167105979275828,0.109959768213687,0.0972926248839468,0.111613860223889,0.0898652181800719,0.0424194563906645,0.0191341095115626,225,0.012848559872795,0.0148868280918181,0.0135635544836565,0.0135528829223004,0.0135422113609442,0.0134888535541635,0.0136595985358618
"227",0.171321246011504,0.110215885686235,0.0973032964453029,0.111987364871354,0.0896731300756614,0.0422913976543908,0.0189313498457959,226,0.0127205011365213,0.0146840684260514,0.0134781819928074,0.0134675104314512,0.0133607948178898,0.0133821379406021,0.0135742260450126
"228",0.174629430031908,0.110354615983865,0.0971859092703854,0.112179452975765,0.0894383557258262,0.0429103482130471,0.0189100067230837,227,0.0125924424002476,0.014353250024011,0.013296765449753,0.0133394516951775,0.0131793782748354,0.0133287801338214,0.0134248241860267
"229",0.177756197509258,0.110600061895056,0.0969724780432625,0.112574300745942,0.0893849979190455,0.0435719850171279,0.0188673204776591,228,0.0124430405412616,0.0141611619196005,0.0131580351521231,0.013296765449753,0.0130193048544933,0.0132113929589038,0.013296765449753
"230",0.18590927038535,0.111090953717438,0.0969191202364818,0.11283041821849,0.0892462676214157,0.043881460296456,0.0188566489163029,229,0.0122722955595633,0.0140010884992583,0.0129872901704248,0.0131900498361915,0.0128272167500827,0.013072662661274,0.0131046773453424
"231",0.192749741214637,0.111251027137781,0.0971005367795362,0.11283041821849,0.0893956694804017,0.0446818273981666,0.0187392617413854,230,0.0122296093141388,0.0138730297629846,0.0127098295751651,0.0130619910999178,0.0127205011365213,0.0130193048544933,0.012997961731781
"232",0.197690674122531,0.111731247398807,0.0971965808317415,0.113182579743242,0.0894063410417578,0.0456742826042878,0.0186218745664678,231,0.0120268496483721,0.0137663141494232,0.0124643836639739,0.0129659470477126,0.0125817708388914,0.0129446039250003,0.0128378883114388
"233",0.202055342717193,0.112328854834751,0.0975060561110696,0.113662800004269,0.089192909814635,0.0466240515649845,0.0185044873915503,232,0.0118774477893861,0.0136062407290811,0.0122296093141388,0.0128592314341511,0.0124857267866862,0.0128912461182196,0.0127311726978774
"234",0.206259937891513,0.112851761341202,0.0977835167063293,0.114078990897158,0.0889261207807314,0.0475524774029688,0.018632546127824,233,0.0118027468598931,0.0134034810633144,0.0120055065256598,0.0128165451887266,0.012400354295837,0.0127952020660143,0.0125817708388914
"235",0.20992028343667,0.113321310040872,0.0979222470039591,0.114121677142583,0.0888300767285261,0.0485662757318023,0.0186432176891801,234,0.0116853596849755,0.0134248241860267,0.0119308055961668,0.012699158013809,0.0123469964890563,0.0127205011365213,0.0124216974185493
"236",0.213036379352663,0.113876231231391,0.0985518691239715,0.114537868035472,0.088744704237677,0.0495587309379235,0.0186005314437555,235,0.0115893156327702,0.0133287801338214,0.0118987909120983,0.0124323689799054,0.0121655799460019,0.012624457084316,0.0122829671209195
"237",0.216344563373067,0.11418570651072,0.0986479131761768,0.114815328630732,0.0887767189217454,0.0506792448803184,0.0185791883210433,236,0.0114505853351404,0.0132113929589038,0.0118027468598931,0.0123363249277002,0.0120161780870159,0.0125070699093984,0.0120588643324405
"238",0.218831037169048,0.114911372682937,0.0985945553693961,0.115060774541923,0.0886273170627594,0.0516290138410151,0.0185258305142625,237,0.0113865559670035,0.0130619910999178,0.0116426734395509,0.0122082661914265,0.0119841634029475,0.0123790111731247,0.0120481927710843
"239",0.221584299998933,0.115551666364306,0.0988293297192312,0.115274205769046,0.0884565720810612,0.0524827387495064,0.0185791883210433,238,0.0113972275283597,0.0129659470477126,0.0114826000192088,0.0120695358937966,0.0118881193507422,0.0123363249277002,0.0119841634029475
"240",0.224134803163051,0.116384048150085,0.0995123096460243,0.115914499450415,0.088371199590212,0.0532617627285048,0.0185151589529064,239,0.0113011834761544,0.012848559872795,0.0113865559670035,0.0119628202802352,0.0118240899826054,0.0122189377527826,0.0119201340348106
"241",0.226439860415977,0.117323145549425,0.0996296968209419,0.116437405956866,0.0880937389949523,0.054179517005133,0.0186005314437555,240,0.0112371541080175,0.0126564717683844,0.0112051394239491,0.0118134184212492,0.0116960312463317,0.0121549083846458,0.0118561046666738
"242",0.228264697407878,0.118102169528424,0.100035216152475,0.116938969340604,0.0882111261698699,0.0551613006498981,0.0185044873915503,241,0.0112478256693737,0.012549756154823,0.0111304384944561,0.0117387174917562,0.0116320018781948,0.0120802074551528,0.0117387174917562
"243",0.231594224550994,0.119105296295901,0.100280662063667,0.117579263021973,0.0881684399244453,0.0560790549265263,0.0185365020756187,242,0.0112158109853053,0.0124110258571932,0.011045066003607,0.0116320018781948,0.011493271580565,0.0120481927710843,0.0115999871941264
"244",0.234582261730714,0.119852305590831,0.100643495149775,0.11783538049452,0.0878482930837611,0.0570608385712914,0.0186432176891801,243,0.0110664091263193,0.0122829671209195,0.0108849925832649,0.0116426734395509,0.0114505853351404,0.0120055065256598,0.0115252862646334
"245",0.237399553928735,0.120588643324405,0.100995656674528,0.118336943878259,0.0879550086973225,0.057861205673002,0.0187179186186731,244,0.0109490219514017,0.0121975946300703,0.0107142476015666,0.0116426734395509,0.0113011834761544,0.0118987909120983,0.0115146147032772
"246",0.239800655233867,0.121314309496622,0.101678636601321,0.118710448525724,0.0880297096268155,0.0585762002838635,0.0188673204776591,245,0.0109596935127579,0.0121122221392212,0.0106502182334297,0.0115893156327702,0.0113118550375105,0.0118027468598931,0.011493271580565
"247",0.242671305238669,0.122221392211895,0.102414974334895,0.118966565998271,0.0882324692925822,0.0595473123672725,0.0188566489163029,246,0.0109596935127579,0.0120802074551528,0.0105861888652929,0.0114612568964965,0.0112584972307298,0.0117707321758246,0.011493271580565
"248",0.244773602825829,0.123309891470221,0.103364743295592,0.119574844995571,0.0880297096268155,0.0607211841164481,0.0189206782844398,247,0.010970365074114,0.0120375212097282,0.0105328310585122,0.0114399137737842,0.0111090953717438,0.0116320018781948,0.0113972275283597
"249",0.246577096695017,0.124697194446519,0.104314512256288,0.120471256149487,0.0880297096268155,0.0619057274269798,0.0189953792139328,248,0.010895664144621,0.0120375212097282,0.010447458567663,0.0113011834761544,0.0110557375649631,0.0115999871941264,0.0112798403534421
"250",0.249212972349985,0.126031139616037,0.105317639023766,0.121506397601033,0.0878056068383365,0.0631649716670046,0.0191341095115626,249,0.0108636494605526,0.0119308055961668,0.0104047723222385,0.0113225265988667,0.0110343944422508,0.0115786440714141,0.0112051394239491
"251",0.251774147075459,0.127578516012678,0.106192707054969,0.122765641841058,0.0879763518200348,0.0642427993639749,0.0192835113705486,250,0.0108529778991964,0.0118561046666738,0.0103620860768139,0.0112158109853053,0.0109383503900456,0.0115252862646334,0.0111731247398807
"252",0.254570096150768,0.128837760252703,0.10713180445431,0.123651381433618,0.0877735921542681,0.0653953279904383,0.0194862710363153,251,0.0107996200924157,0.0117707321758246,0.0102553704632525,0.0111197669331,0.0107782769697034,0.011418570651072,0.011194467862593
"253",0.257237986489803,0.130022303563234,0.10787881374924,0.124675851323807,0.0882751555380068,0.06657987130097,0.019539628843096,252,0.0107996200924157,0.0116533450009071,0.0101379832883349,0.0110664091263193,0.0107249191629227,0.0113758844056474,0.0111731247398807
"254",0.259340284076963,0.131388263416821,0.108529778991964,0.125401517496025,0.0887233611149647,0.0675829980684474,0.019539628843096,253,0.0107782769697034,0.0115786440714141,0.00999925299070507,0.0111304384944561,0.0106929044788543,0.0113225265988667,0.0110984238103877
"255",0.261901458802437,0.132775566393119,0.109362160777743,0.126618075490625,0.0895557429007438,0.0686501542040616,0.0196997022634382,254,0.0107355907242789,0.0115466293873457,0.00996723830663664,0.0111304384944561,0.0106929044788543,0.0113011834761544,0.0110343944422508
"256",0.264729422561815,0.133992124387719,0.109991782897756,0.127375756346911,0.090324095318386,0.0700694718644285,0.0197210453861504,255,0.0107782769697034,0.011493271580565,0.00987119425443137,0.0110984238103877,0.0106502182334297,0.0111837963012368,0.0109810366354701
"257",0.266917092639824,0.135165996136895,0.110952223419809,0.128272167500827,0.0912525211563704,0.0712433436136041,0.0198597756837803,256,0.0106822329174982,0.0115039431419211,0.00989253737714365,0.0110770806876754,0.0104794732517315,0.0110343944422508,0.0110023797581824
"258",0.268475140597821,0.136275838517934,0.111741918960163,0.129755514529331,0.0921809469943547,0.0723745291173552,0.0198917903678487,257,0.0106822329174982,0.0114292422124281,0.00990320893849979,0.0110770806876754,0.0104367870063069,0.0110664091263193,0.0109063357059771
"259",0.270097217923954,0.13783388647593,0.112798403534421,0.130491852262905,0.0932907893753935,0.0735163861824624,0.020211937208533,258,0.010671561356142,0.0114292422124281,0.00979649332493837,0.0109917081968263,0.0104581301290192,0.0110770806876754,0.0109917081968263
"260",0.271249746550418,0.139199846329516,0.113918917476816,0.131292219364615,0.0945927198608428,0.0747009294929941,0.020436039997012,259,0.0107035760402104,0.011343869721579,0.00974313551815766,0.010895664144621,0.0104047723222385,0.0111197669331,0.0110130513195386
"261",0.272786451385702,0.140565806183103,0.115391592943964,0.132562135165996,0.0959053219076483,0.0757360709445399,0.0205961134173541,260,0.0107355907242789,0.0113331981602228,0.00977515020222609,0.0109170072673333,0.0103193998313893,0.0110664091263193,0.0110664091263193
"262",0.273906965328097,0.141803707300415,0.116330690343304,0.133533247249405,0.0969297917978379,0.0768245702028664,0.0207775299604085,261,0.0107676054083473,0.0113118550375105,0.00974313551815766,0.0109490219514017,0.0103087282700332,0.0109596935127579,0.0110343944422508
"263",0.275283596743039,0.143084294663152,0.117910081424013,0.134301599667047,0.0976768010927679,0.0779557557066174,0.0208842455739699,262,0.0107996200924157,0.0113118550375105,0.00968977771137695,0.0109917081968263,0.0103193998313893,0.0108743210219087,0.0109917081968263
"264",0.276265380387805,0.144268837973684,0.119094624734545,0.135304726434525,0.0988720159646558,0.0791829852625738,0.0210976768010928,263,0.0106608897947859,0.0112371541080175,0.00964709146595238,0.0110664091263193,0.0102767135859648,0.0109063357059771,0.0110130513195386
"265",0.277481938382405,0.14563479782727,0.120449913026775,0.136393225692851,0.100003201468407,0.0804102148185301,0.0212577502214349,264,0.0105541741812245,0.0112158109853053,0.0096257483432401,0.0110237228808947,0.0102660420246086,0.0108102916537719,0.010970365074114
"266",0.280384603071275,0.146947399874076,0.121538412285101,0.137140234987781,0.101134386972158,0.0815520718836373,0.021417823641777,265,0.0105755173039367,0.0111090953717438,0.00952970429103482,0.0110343944422508,0.0101486548496911,0.0107569338469912,0.0109383503900456
"267",0.283778159582528,0.148377389095799,0.123160489611235,0.138004631457629,0.102446989018963,0.0827259436328129,0.0217486420438174,266,0.0105755173039367,0.0110023797581824,0.00957239053645939,0.0110023797581824,0.0100846254815542,0.0107676054083473,0.0109383503900456
"268",0.286958284866659,0.149625961774467,0.124494434780753,0.138612910454929,0.103823620433906,0.08400653099555,0.0220047595163648,267,0.0105008163744437,0.0109276788286894,0.00954037585239096,0.0110557375649631,0.0100632823588419,0.010746262285635,0.0109917081968263
"269",0.289274013680942,0.150735804155506,0.125710992775353,0.139498650047488,0.105349653707834,0.084913613710822,0.0221968476207754,268,0.0104688016903753,0.0109063357059771,0.00954037585239096,0.0110023797581824,0.0100205961134174,0.0107249191629227,0.0110770806876754
"270",0.291194894725047,0.152005719956887,0.127375756346911,0.140128272167501,0.10657688326379,0.0859060689169432,0.0224636366546789,269,0.0104794732517315,0.0109490219514017,0.00945500336154183,0.0110023797581824,0.00998858142934893,0.0107142476015666,0.0110557375649631
"271",0.292411452719647,0.153136905460638,0.128635000586936,0.140533791499034,0.107889485310596,0.0872079994023926,0.0226557247590895,270,0.0105008163744437,0.0109170072673333,0.0094229886774734,0.0109276788286894,0.00993522362256822,0.0106608897947859,0.0110237228808947
"272",0.293361221680344,0.15437480657795,0.129990288879166,0.141419531091594,0.109138057989264,0.088520601449198,0.0226663963204456,271,0.0105435026198683,0.0108423063378403,0.00934828774798041,0.0108636494605526,0.0099565667452805,0.0106822329174982,0.0109596935127579
"273",0.294310990641041,0.155463305836277,0.131292219364615,0.142262584438729,0.110077155388605,0.0895984291461684,0.0228691559862123,272,0.0105435026198683,0.0108529778991964,0.00932694462526812,0.0108423063378403,0.0099565667452805,0.0106395466720736,0.0109917081968263
"274",0.294684495288506,0.156829265689863,0.132498105797859,0.142956235926878,0.111005581226589,0.090772300895344,0.0230185578451983,273,0.0104794732517315,0.0108529778991964,0.0092949299411997,0.0108636494605526,0.00998858142934893,0.0107355907242789,0.0111197669331
"275",0.295676950494627,0.157736348405135,0.133885408774158,0.143788617712658,0.111869977696437,0.0918394570309582,0.023071915651979,274,0.010447458567663,0.0108423063378403,0.00927358681848741,0.0109063357059771,0.0100205961134174,0.0107569338469912,0.0111624531785246
"276",0.296306572614639,0.159262381679063,0.134781819928074,0.144471597639451,0.112958476954763,0.0926931819394496,0.023296018440458,275,0.0104367870063069,0.0107889485310596,0.00927358681848741,0.0109063357059771,0.00996723830663664,0.0107676054083473,0.0111517816171684
"277",0.296765449752953,0.160457596550951,0.136211809149797,0.145271964741161,0.1142390643175,0.0937603380750638,0.0235094496675809,276,0.0104901448130876,0.0108743210219087,0.0092949299411997,0.0109170072673333,0.0100312676747735,0.0107249191629227,0.0110984238103877
"278",0.297010895664145,0.161770198597757,0.137737842423725,0.145826885931681,0.115391592943964,0.0946354061062674,0.02359482215843,277,0.0105648457425806,0.0109063357059771,0.00919888588899442,0.010970365074114,0.0100739539201981,0.0107035760402104,0.0110984238103877
"279",0.297309699382117,0.163381604362534,0.139242532574941,0.146776654892377,0.11634136190466,0.095659875996457,0.0236375084038546,278,0.0105648457425806,0.0108636494605526,0.00911351339814528,0.0109917081968263,0.0100632823588419,0.0106822329174982,0.0111517816171684
"280",0.297789919643143,0.165046367934092,0.140267002465131,0.147480977941883,0.117163072129083,0.0964282284140993,0.0237015377719914,279,0.0105861888652929,0.0108636494605526,0.00916687120492599,0.0110770806876754,0.0100739539201981,0.0106929044788543,0.0111837963012368
"281",0.298761031726552,0.166177553437843,0.14203848165025,0.148377389095799,0.118283586071478,0.0975807570405626,0.0236375084038546,280,0.0104901448130876,0.0107889485310596,0.00927358681848741,0.011045066003607,0.0101379832883349,0.0106929044788543,0.011194467862593
"282",0.299508041021482,0.167554184852786,0.143404441503836,0.149060369022592,0.119147982541326,0.0982957516514241,0.0237335524560598,281,0.010522159497156,0.0107996200924157,0.00924157213441899,0.0111411100558123,0.0101379832883349,0.0107569338469912,0.011194467862593
"283",0.300041619089289,0.16895215939044,0.14530397942523,0.150106182035494,0.119852305590831,0.0990320893849979,0.0238402680696213,282,0.0105755173039367,0.0108316347764841,0.00923090057306285,0.0111837963012368,0.0101059686042665,0.0107035760402104,0.0111837963012368
"284",0.300553854034384,0.170488864225725,0.147096801733062,0.150693117910081,0.120812746112884,0.0996830546277226,0.023893625876402,283,0.0106502182334297,0.0107782769697034,0.00925224369577513,0.0111731247398807,0.0101166401656226,0.0106608897947859,0.0111731247398807
"285",0.301066088979479,0.172292358094913,0.148921638724962,0.151418784082299,0.121517069162389,0.100632823588419,0.024043027735388,284,0.0106822329174982,0.0108102916537719,0.00930560150255584,0.0111837963012368,0.0101273117269788,0.0106929044788543,0.0112158109853053
"286",0.30158899548593,0.173861077614266,0.151418784082299,0.15194169058875,0.122189377527826,0.101593264110472,0.0240963855421687,285,0.0106608897947859,0.010820963215128,0.00940164555476112,0.0111411100558123,0.0101806695337595,0.0107355907242789,0.0112905119147983
"287",0.301749068906272,0.175088307170222,0.153883914755568,0.152699371445036,0.122733627156989,0.102532361509813,0.0242351158397985,286,0.0106929044788543,0.0109170072673333,0.00938030243204883,0.0111197669331,0.0101273117269788,0.0107782769697034,0.0113225265988667
"288",0.302005186378819,0.176849114793986,0.156114271079002,0.153243621074199,0.123331234592933,0.103428772663728,0.0242457874011547,287,0.0107996200924157,0.0108529778991964,0.00936963087069269,0.0111837963012368,0.0101699979724033,0.0107782769697034,0.0113331981602228
"289",0.301823769835765,0.178161716840791,0.158888877031598,0.154193390034896,0.123960856712946,0.104197125081371,0.0247473507848933,288,0.0108316347764841,0.0109170072673333,0.00940164555476112,0.0112158109853053,0.0102126842178279,0.0107569338469912,0.011343869721579
"290",0.30150362299508,0.179527676694377,0.160596326848581,0.154961742452538,0.124675851323807,0.104965477499013,0.0250461545028653,289,0.0108743210219087,0.0108636494605526,0.00945500336154183,0.0113225265988667,0.0102446989018963,0.0107355907242789,0.0113972275283597
"291",0.302442720394421,0.180882964986607,0.163189516258124,0.155527335204414,0.12522010095297,0.105765844600724,0.0254303307116864,290,0.0108316347764841,0.0107889485310596,0.00950836116832254,0.011269168792086,0.0102660420246086,0.0107569338469912,0.0113972275283597
"292",0.303104357198502,0.182526385435453,0.16516375510901,0.15586882516781,0.126116512106886,0.106534197018366,0.0258998794113567,291,0.0109596935127579,0.0107996200924157,0.00956171897510325,0.011269168792086,0.0103514145154578,0.0107142476015666,0.011418570651072
"293",0.302773538796461,0.183774958114122,0.16726605269617,0.156626506024096,0.126703447981474,0.106961059472611,0.0263694281110269,292,0.0109063357059771,0.0107782769697034,0.00955104741374711,0.0113011834761544,0.0104047723222385,0.0106929044788543,0.0114612568964965
"294",0.302378691026284,0.18557845198331,0.169389693406042,0.157138740969191,0.12713031043572,0.107345235681433,0.0269350208629025,293,0.0109383503900456,0.010820963215128,0.00958306209781553,0.0113331981602228,0.0104261154449508,0.0106822329174982,0.0114826000192088
"295",0.302282646974079,0.187584705518264,0.171353260695572,0.157693662159711,0.127770604117088,0.107697397206185,0.0277033732805447,294,0.0109917081968263,0.0108102916537719,0.00964709146595238,0.0113545412829351,0.0104688016903753,0.0106822329174982,0.0114399137737842
"296",0.301994514817463,0.189260140651179,0.173220783932897,0.158600744874983,0.128304182184895,0.108220303712636,0.0283543385232693,295,0.011045066003607,0.0108743210219087,0.00967910615002081,0.0114612568964965,0.0105648457425806,0.010746262285635,0.0115573009487018
"297",0.301578323924573,0.19072214455697,0.17506696404751,0.159294396363132,0.129072534602538,0.108529778991964,0.0291120193795554,296,0.0110557375649631,0.0108102916537719,0.00966843458866467,0.0115359578259895,0.0106929044788543,0.010820963215128,0.0115466293873457
"298",0.301674367976779,0.192365565005816,0.177041202898396,0.159924018483144,0.129787529213399,0.108647166166882,0.0298163424290608,297,0.0110877522490316,0.0109276788286894,0.00965776302730852,0.0116213303168387,0.0107676054083473,0.0107889485310596,0.0115786440714141
"299",0.301076760540835,0.193998313893306,0.178759324276735,0.160542969041801,0.130438494456124,0.109009999252991,0.0304032783036486,298,0.0110984238103877,0.0109170072673333,0.00970044927273309,0.0117920752985369,0.010820963215128,0.0107142476015666,0.0117280459304001
"300",0.300735270577438,0.195855165569274,0.181619302720181,0.16137535082758,0.131004087207999,0.109404847023168,0.0310222288623048,299,0.0111624531785246,0.0110023797581824,0.00972179239544538,0.0118240899826054,0.0108423063378403,0.0108102916537719,0.0118347615439615
"301",0.30042579529811,0.197872090665585,0.184393908672778,0.161876914211318,0.131505650591738,0.109511562636729,0.0314597628779067,300,0.0112798403534421,0.0110237228808947,0.00973246395680152,0.0118774477893861,0.0109170072673333,0.0107355907242789,0.0119201340348106
"302",0.302762867235105,0.199675584534773,0.186923068714184,0.162325119788276,0.132113929589038,0.109586263566222,0.0319719978230015,301,0.0113545412829351,0.0110557375649631,0.00978582176358223,0.0119521487188791,0.0109596935127579,0.0107676054083473,0.0119628202802352
"303",0.304278228947677,0.201724524315153,0.189815061841698,0.162944070346932,0.13269019390227,0.109853052600126,0.0325269190135209,302,0.0113545412829351,0.0110343944422508,0.00977515020222609,0.0120268496483721,0.010970365074114,0.0107569338469912,0.0120375212097282
"304",0.305078596049388,0.203709434727395,0.192450937496665,0.163787123694068,0.133042355427023,0.110066483827249,0.0329964677131911,303,0.011343869721579,0.0111197669331,0.00978582176358223,0.0120588643324405,0.0110557375649631,0.0108102916537719,0.0120908790165089
"305",0.305462772258209,0.205640987332857,0.194809352556373,0.164213986148313,0.133650634424323,0.11017319944081,0.0337754916921895,304,0.0113758844056474,0.0111304384944561,0.00979649332493837,0.0120802074551528,0.0111090953717438,0.0108316347764841,0.0120908790165089
"306",0.305644188801264,0.207572539938318,0.197231796984217,0.16483293670697,0.134109511562637,0.110653419701837,0.0345118294257633,305,0.0113652128442912,0.0112158109853053,0.00986052269307522,0.0121122221392212,0.011194467862593,0.0109490219514017,0.0121335652619335
"307",0.305526801626346,0.209536107227849,0.199643569850705,0.165473230388338,0.134589731823663,0.110792149999466,0.0354936130705283,306,0.011343869721579,0.0112264825466614,0.0099565667452805,0.0120802074551528,0.0113331981602228,0.0110130513195386,0.0122296093141388
"308",0.305206654785662,0.211563703885515,0.202215416137535,0.165846735035803,0.135187339259607,0.111026924349302,0.0361232351905407,307,0.0113972275283597,0.011343869721579,0.00998858142934893,0.012176251507358,0.0114078990897158,0.0110877522490316,0.0123683396117686
"309",0.304737106085991,0.213132423404868,0.204136297181641,0.166166881876487,0.135422113609442,0.111283041821849,0.0367848719946215,308,0.0114826000192088,0.011418570651072,0.0100952970429103,0.0121869230687142,0.0115466293873457,0.0111411100558123,0.0124537121026177
"310",0.303755322441226,0.215085319133042,0.206195908523376,0.166625759014801,0.135795618256907,0.111677889592026,0.0372757638170041,309,0.0115252862646334,0.011418570651072,0.0101059686042665,0.0121122221392212,0.0116106587554825,0.0110984238103877,0.012549756154823
"311",0.303018984707653,0.216803440511381,0.208319549233248,0.167116650837184,0.136179794465728,0.111869977696437,0.0379587437437972,310,0.0115359578259895,0.0114399137737842,0.0100952970429103,0.0121335652619335,0.0117280459304001,0.0111304384944561,0.0126564717683844
"312",0.302005186378819,0.21791328289242,0.210261773400066,0.167938361061607,0.136798745024385,0.111848634573724,0.0385776943024534,311,0.0115999871941264,0.0114292422124281,0.0101699979724033,0.0121335652619335,0.0117493890531124,0.0112478256693737,0.0126884864524529
"313",0.301108775224903,0.219076483080239,0.212502801284856,0.168717385040605,0.138068660825765,0.112190124537121,0.0390792576861921,312,0.0116533450009071,0.0115146147032772,0.0103193998313893,0.012176251507358,0.0118134184212492,0.0112905119147983,0.0127418442592336
"314",0.300084305334714,0.220036923602292,0.214775843853714,0.169389693406042,0.139786782204104,0.113107878813749,0.0396341788767115,313,0.0117067028076878,0.0115252862646334,0.0103407429541016,0.0121975946300703,0.0118667762280299,0.0113545412829351,0.0128165451887266
"315",0.298878418901469,0.221136094421975,0.216707396459176,0.170147374262328,0.141206099864471,0.114175034949363,0.04027447255808,314,0.0117600606144685,0.0115146147032772,0.0103834291995262,0.012176251507358,0.0119308055961668,0.0113652128442912,0.012997961731781
"316",0.297982007747554,0.222021834014535,0.218681635310062,0.170734310136916,0.143383098381124,0.115018088296499,0.0407653643804625,315,0.0117600606144685,0.0115252862646334,0.0104901448130876,0.0122402808754949,0.0120055065256598,0.0113865559670035,0.0131580351521231
"317",0.297725890275006,0.223014289220656,0.22076258977451,0.171395946940997,0.145549425336421,0.116021215063976,0.0412028983960643,316,0.0118240899826054,0.0115893156327702,0.0106182035493613,0.0123149818049879,0.0121228937005773,0.0114078990897158,0.0132647507656845
"318",0.297309699382117,0.223921371935928,0.222790186432177,0.172046912183722,0.147683737607649,0.116981655586029,0.0417151333411591,317,0.0118347615439615,0.0116533450009071,0.010746262285635,0.0122936386822756,0.0122189377527826,0.0114719284578527,0.0133394516951775
"319",0.296701420384817,0.22510591524646,0.225084572123747,0.172761906794583,0.150244912333123,0.118059483282999,0.0423554270225277,318,0.0118667762280299,0.0117280459304001,0.0108102916537719,0.0123790111731247,0.0122616239982072,0.0115893156327702,0.013296765449753
"320",0.295933067967174,0.225980983277663,0.226663963204456,0.173167426126117,0.15282743018131,0.118710448525724,0.0428356472835541,319,0.0118667762280299,0.0117387174917562,0.0108849925832649,0.0123790111731247,0.0123043102436317,0.0117280459304001,0.0134034810633144
"321",0.294823225586135,0.227048139413278,0.228659545178055,0.173701004193924,0.155388604906784,0.119297384400312,0.0434225831581419,320,0.0119734918415913,0.0117920752985369,0.0109490219514017,0.0124110258571932,0.012325653366344,0.0117493890531124,0.0134888535541635
"322",0.293862785064083,0.227891192760413,0.230441695924531,0.174149209770882,0.157650975914286,0.120140437747447,0.043956161225949,321,0.0120055065256598,0.0118881193507422,0.0109810366354701,0.0124857267866862,0.0124430405412616,0.0118454331053176,0.0135101966768758
"323",0.293051746401016,0.228862304843822,0.231519523621501,0.174725474084113,0.159988047851281,0.120908790165089,0.0445857833459613,322,0.0120268496483721,0.0119628202802352,0.0110023797581824,0.0124537121026177,0.0125070699093984,0.0119308055961668,0.0135955691677249
"324",0.292059291194895,0.229705358190957,0.232554665073047,0.175333753081413,0.161770198597757,0.121389010426115,0.0451300329751246,323,0.0121228937005773,0.0119841634029475,0.0110984238103877,0.0125390845934669,0.0126564717683844,0.0119841634029475,0.0136275838517934
"325",0.291162880040979,0.231017960237762,0.233749879944935,0.175942032078713,0.164011226482547,0.121954603177991,0.0457916697792054,324,0.0121228937005773,0.0120481927710843,0.0111837963012368,0.0125817708388914,0.0127525158205897,0.0120375212097282,0.0136489269745056
"326",0.290202439518926,0.232341233845924,0.234955766378179,0.176390237655671,0.166038823140214,0.122360122509524,0.0465173359514231,325,0.0121975946300703,0.0120375212097282,0.0112905119147983,0.0126564717683844,0.0129339323636441,0.0120908790165089,0.0137129563426425
"327",0.289209984312805,0.234005997417482,0.235798819725314,0.177265305686875,0.168717385040605,0.122616239982072,0.0470829287032986,326,0.0121975946300703,0.0120802074551528,0.0114505853351404,0.0127845305046581,0.0129872901704248,0.0121869230687142,0.0137236279039986
"328",0.287747980407013,0.235339942587,0.236791274931435,0.178652608663174,0.171267888204723,0.123043102436317,0.0474671049121197,327,0.0122402808754949,0.0121228937005773,0.0116746881236194,0.0128805745568634,0.0130833342226301,0.012250952436851,0.0137129563426425
"329",0.286435378360208,0.236748588686011,0.237933131996542,0.179581034501158,0.173978464789183,0.123544665820056,0.0478939673663654,328,0.0122082661914265,0.0121442368232896,0.0117493890531124,0.0128699029955073,0.0131687067134792,0.0122296093141388,0.0138090003948478
"330",0.285186805681539,0.238882900957239,0.239032302816225,0.180285357550663,0.175984718324138,0.123960856712946,0.0485342610477339,329,0.0122402808754949,0.0121975946300703,0.0118347615439615,0.012923260802288,0.0132647507656845,0.0122829671209195,0.0139370591311215
"331",0.285282849733745,0.240910497614906,0.240504978283373,0.181523258667976,0.178545893049612,0.124377047605835,0.0490038097474041,330,0.0122402808754949,0.0123469964890563,0.0119201340348106,0.0130833342226301,0.0134141526246705,0.0122402808754949,0.0140010884992583
"332",0.284802629472718,0.242649962115957,0.241358703191864,0.182622429487658,0.181021695284237,0.124729209130588,0.0493346281494445,331,0.012325653366344,0.0123683396117686,0.0120161780870159,0.0131687067134792,0.0134675104314512,0.0123790111731247,0.0140651178673952
"333",0.283959576125583,0.243845176987845,0.242649962115957,0.183252051607671,0.183358767221232,0.12522010095297,0.0498148484104709,332,0.0123576680504125,0.0124537121026177,0.0120161780870159,0.01322206452026,0.0135422113609442,0.0123683396117686,0.0141718334809566
"334",0.282977792480818,0.24557396992754,0.243514358585805,0.184457938040915,0.185791883210433,0.125593605600435,0.0502203677420043,333,0.0123576680504125,0.0125710992775353,0.0120481927710843,0.0133287801338214,0.0135742260450126,0.0123683396117686,0.0142998922172303
"335",0.281996008836053,0.246705155431291,0.24454950003735,0.18543972168568,0.187787465184031,0.1259671102479,0.0507432742484553,334,0.0124537121026177,0.0126671433297406,0.0121442368232896,0.0133394516951775,0.0135528829223004,0.0124430405412616,0.014427950953504
"336",0.280811465525521,0.248124473091658,0.24543523962991,0.186528220944006,0.189708346228137,0.126340614895365,0.051319538561687,335,0.0124857267866862,0.012699158013809,0.0122722955595633,0.0134141526246705,0.0136595985358618,0.0124857267866862,0.0145239950057093
"337",0.279498863478716,0.249533119190669,0.246374337029251,0.187926195481661,0.191906687867502,0.126692776420118,0.0515543129115221,336,0.0124963983480423,0.0127525158205897,0.0124537121026177,0.0134354957473828,0.0137342994653548,0.0125177414707546,0.0146627253033391
"338",0.278164918309198,0.250963108412392,0.247164032569605,0.188662533215235,0.193496750509567,0.127194339803857,0.0518851313135625,337,0.0125177414707546,0.0127845305046581,0.0126137855229599,0.0134461673087389,0.0138943728856969,0.0125390845934669,0.0147160831101198
"339",0.278132903625129,0.252275710459197,0.247740296882837,0.189676331544068,0.195225543449262,0.127493143521829,0.0522479643996713,338,0.0126137855229599,0.0128378883114388,0.0126458002070283,0.0135315397995881,0.0140651178673952,0.0125710992775353,0.0147801124782567
"340",0.277599325557322,0.253246822542606,0.248369919002849,0.1902525958573,0.19689030702082,0.127834633485225,0.0524934103108626,339,0.0126884864524529,0.012923260802288,0.0127525158205897,0.0135848976063688,0.0141398187968882,0.0127311726978774,0.0149722005826672
"341",0.277812756784445,0.254356664923645,0.249351702647614,0.190498041768491,0.198597756837803,0.128154780325909,0.0529522874491767,340,0.0127098295751651,0.0128912461182196,0.0129552754863564,0.0136595985358618,0.0142145197263812,0.0128058736273704,0.015025558389448
"342",0.277898129275294,0.255157032025356,0.249618491681518,0.190892889538668,0.200091775427663,0.128293510623539,0.0531016893081627,341,0.0127418442592336,0.0129766186090687,0.013072662661274,0.0137342994653548,0.0143105637785864,0.0128912461182196,0.0151216024416532
"343",0.277471266821049,0.256128144108765,0.25080303499205,0.191383781361051,0.201735195876509,0.128229481255402,0.0534111645874908,342,0.0127525158205897,0.012997961731781,0.0131793782748354,0.0137236279039986,0.0144599656375724,0.012923260802288,0.0151749602484339
"344",0.276713585964763,0.257195300244379,0.251838176443595,0.191842658499365,0.203496003500272,0.128410897798457,0.0536139242532575,343,0.0128272167500827,0.0129766186090687,0.0132007213975477,0.0137983288334916,0.0146200390579146,0.0130086332931371,0.0151963033711462
"345",0.276158664774243,0.257942309539309,0.252691901352087,0.19282444214413,0.204861963353858,0.128869774936771,0.0539767573393663,344,0.0129125892409318,0.0130193048544933,0.0132860938883968,0.0138410150789162,0.0146413821806268,0.0130619910999178,0.0152496611779269
"346",0.275347626111176,0.258454544484404,0.253588312506003,0.193528765193635,0.206035835103034,0.129083206163894,0.054328918864119,345,0.012923260802288,0.0130086332931371,0.0134141526246705,0.013979745376546,0.0146733968646953,0.013072662661274,0.0152496611779269
"347",0.273938980012166,0.259116181288484,0.254239277748727,0.194297117611278,0.207102991238648,0.129168578654743,0.0545743647753103,346,0.0129019176795757,0.0131046773453424,0.0134461673087389,0.0140437747446829,0.014726754671476,0.0131900498361915,0.0153563767914884
"348",0.272807794508415,0.259799161215277,0.255797325706724,0.194777337872304,0.208234176742399,0.12909387772525,0.0547557813183647,347,0.012923260802288,0.0131687067134792,0.0135528829223004,0.0141931766036689,0.0147374262328321,0.0132434076429722,0.0154097345982691
"349",0.2711323593755,0.260268709914948,0.257366045226077,0.195556361851302,0.209685509086835,0.129552754863564,0.0549158547387068,348,0.0129659470477126,0.0132007213975477,0.0135848976063688,0.014278549094518,0.0147587693555444,0.0132647507656845,0.0154417492823375
"350",0.269851772012763,0.26056751363292,0.258305142625418,0.196314042707589,0.21085938083601,0.12951006861814,0.0551506290885419,349,0.0129766186090687,0.0131793782748354,0.0136489269745056,0.0143105637785864,0.014876156530462,0.0132647507656845,0.0155164502118305
"351",0.268261709370698,0.260919675157672,0.259735131847141,0.196986351073026,0.212161311321459,0.129766186090687,0.0553427171929525,350,0.0130193048544933,0.0132540792043284,0.0137983288334916,0.0143745931467233,0.0149295143372427,0.0133501232565337,0.0154737639664059
"352",0.266618288921852,0.261047733893946,0.260610199878344,0.197808061297448,0.21337786931606,0.129926259511029,0.055684207156349,351,0.0131366920294108,0.0133394516951775,0.0139263875697653,0.0143852647080794,0.0149722005826672,0.0134248241860267,0.0155698080186112
"353",0.265166956577417,0.261335866050562,0.261656012891246,0.198298953119831,0.214434353890318,0.130139690738152,0.0559403246288965,352,0.0131580351521231,0.0133821379406021,0.013979745376546,0.0144172793921479,0.0150469015121602,0.0134781819928074,0.0156018227026796
"354",0.263918383898748,0.261293179805137,0.262499066238381,0.199003276169336,0.215373451289658,0.130267749474426,0.056132412733307,353,0.0132007213975477,0.0134248241860267,0.0140864609901075,0.0144386225148601,0.0150682446348725,0.0134568388700951,0.0156978667548849
"355",0.262349664379395,0.261186464191576,0.263118016797038,0.199931702007321,0.216344563373067,0.130406479772055,0.056431216451279,354,0.0132327360816161,0.0134141526246705,0.0141718334809566,0.0145880243738461,0.0152389896165708,0.0134354957473828,0.0157512245616656
"356",0.260684900807837,0.261154449507507,0.264142486687227,0.200337221338854,0.217240974526983,0.13044916601748,0.056655319239758,355,0.0132540792043284,0.0134354957473828,0.0142251912877373,0.0146627253033391,0.0153990630369129,0.0135315397995881,0.0159433126660762
"357",0.259308269392895,0.261186464191576,0.26524165750691,0.201244304054126,0.218009326944625,0.130598567876466,0.0568900935895931,356,0.0133181085724652,0.0135208682382319,0.0142465344104496,0.0147587693555444,0.0155377933345428,0.0135955691677249,0.0160180135955692
"358",0.25771820675083,0.261282508243781,0.265881951188278,0.201852583051426,0.219087154641596,0.130566553192398,0.0571675541848528,357,0.0133181085724652,0.0135422113609442,0.0143959362694356,0.0147587693555444,0.0155911511413235,0.0137342994653548,0.0160286851569253
"359",0.256202845038258,0.261197135752932,0.266575602676428,0.202322131751097,0.219674090516183,0.130470509140192,0.0573703138506195,358,0.0134248241860267,0.0135315397995881,0.0144813087602847,0.0147907840396128,0.0156551805094603,0.0137449710267109,0.0160393567182815
"360",0.254474052098563,0.261005047648521,0.267375969778138,0.202695636398561,0.220389085127045,0.130406479772055,0.0574130000960441,359,0.0134888535541635,0.0136809416585741,0.0145133234443531,0.0148974996531743,0.0156765236321726,0.0138090003948478,0.0160500282796376
"361",0.252819960088361,0.260578185194276,0.267866861600521,0.202748994205342,0.221136094421975,0.130641254121891,0.0576584460072353,360,0.0135742260450126,0.0136916132199302,0.0146093674965584,0.015025558389448,0.0157192098775972,0.0139370591311215,0.0161247292091306
"362",0.251027137780529,0.260524827387495,0.268453797475109,0.202674293275849,0.221680344051138,0.13031043571985,0.0577651616207967,361,0.0136702700972179,0.0138196719562039,0.014652053741983,0.0150575730735164,0.0157939108070902,0.0139690738151899,0.0161994301386236
"363",0.249212972349985,0.260460798019358,0.269616997662928,0.20305846948467,0.222480711152849,0.130139690738152,0.0579145634797827,362,0.0137449710267109,0.0139477306924776,0.0147694409169006,0.0150575730735164,0.0158365970525148,0.0140437747446829,0.0162101016999797
"364",0.247761640005549,0.260578185194276,0.270748183166679,0.20333593007993,0.22319570576371,0.129808872336111,0.0579572497252073,363,0.0137556425880671,0.0139584022538338,0.0148548134077497,0.0151429455643655,0.0158259254911586,0.0140757894287513,0.0162421163840482
"365",0.263768982039762,0.260194008985455,0.271591236513814,0.203496003500272,0.223238392009135,0.129723499845262,0.0582026956363986,364,0.0137876572721355,0.0141078041128197,0.0149615290213111,0.0151856318097901,0.0159433126660762,0.0141398187968882,0.0163274888748973
"366",0.274205769046069,0.259767146531209,0.272178172388402,0.203303915395862,0.223996072865421,0.129542083302208,0.0583947837408091,365,0.0138303435175601,0.0142145197263812,0.0150362299508041,0.0151642886870778,0.0159753273501446,0.0141931766036689,0.0164021898043903
